type,detector,direction,operating_point,sigma,alpha,delta_alpha,sensitivity,detection_limit_delta,ci_lo,ci_hi,frac_censored
curve,signature,weaken,2C_nominal,0.00,1.000000,0.000000,0.000000,,,,
curve,signature,weaken,2C_nominal,0.00,0.950000,0.050000,0.979167,,,,
curve,signature,weaken,2C_nominal,0.00,0.900000,0.100000,1.000000,,,,
curve,signature,weaken,2C_nominal,0.00,0.850000,0.150000,1.000000,,,,
curve,signature,weaken,2C_nominal,0.00,0.750000,0.250000,1.000000,,,,
curve,signature,weaken,2C_nominal,0.00,0.650000,0.350000,1.000000,,,,
curve,signature,weaken,2C_nominal,0.00,0.500000,0.500000,1.000000,,,,
curve,signature,weaken,2C_nominal,0.00,0.250000,0.750000,1.000000,,,,
curve,signature,weaken,2C_nominal,0.00,0.000000,1.000000,1.000000,,,,
limit,signature,weaken,2C_nominal,0.00,,,,0.046,0.045000,0.049091,0.000000
curve,Tmax,weaken,2C_nominal,0.00,1.000000,0.000000,0.062500,,,,
curve,Tmax,weaken,2C_nominal,0.00,0.950000,0.050000,0.062500,,,,
curve,Tmax,weaken,2C_nominal,0.00,0.900000,0.100000,0.062500,,,,
curve,Tmax,weaken,2C_nominal,0.00,0.850000,0.150000,0.062500,,,,
curve,Tmax,weaken,2C_nominal,0.00,0.750000,0.250000,0.062500,,,,
curve,Tmax,weaken,2C_nominal,0.00,0.650000,0.350000,0.062500,,,,
curve,Tmax,weaken,2C_nominal,0.00,0.500000,0.500000,0.062500,,,,
curve,Tmax,weaken,2C_nominal,0.00,0.250000,0.750000,0.062500,,,,
curve,Tmax,weaken,2C_nominal,0.00,0.000000,1.000000,0.145833,,,,
limit,Tmax,weaken,2C_nominal,0.00,,,,>1.0,,,
curve,dTmax,weaken,2C_nominal,0.00,1.000000,0.000000,0.062500,,,,
curve,dTmax,weaken,2C_nominal,0.00,0.950000,0.050000,0.062500,,,,
curve,dTmax,weaken,2C_nominal,0.00,0.900000,0.100000,0.062500,,,,
curve,dTmax,weaken,2C_nominal,0.00,0.850000,0.150000,0.062500,,,,
curve,dTmax,weaken,2C_nominal,0.00,0.750000,0.250000,0.062500,,,,
curve,dTmax,weaken,2C_nominal,0.00,0.650000,0.350000,0.062500,,,,
curve,dTmax,weaken,2C_nominal,0.00,0.500000,0.500000,0.062500,,,,
curve,dTmax,weaken,2C_nominal,0.00,0.250000,0.750000,0.062500,,,,
curve,dTmax,weaken,2C_nominal,0.00,0.000000,1.000000,0.104167,,,,
limit,dTmax,weaken,2C_nominal,0.00,,,,>1.0,,,
curve,sigma_cell,weaken,2C_nominal,0.00,1.000000,0.000000,0.062500,,,,
curve,sigma_cell,weaken,2C_nominal,0.00,0.950000,0.050000,0.062500,,,,
curve,sigma_cell,weaken,2C_nominal,0.00,0.900000,0.100000,0.062500,,,,
curve,sigma_cell,weaken,2C_nominal,0.00,0.850000,0.150000,0.062500,,,,
curve,sigma_cell,weaken,2C_nominal,0.00,0.750000,0.250000,0.062500,,,,
curve,sigma_cell,weaken,2C_nominal,0.00,0.650000,0.350000,0.062500,,,,
curve,sigma_cell,weaken,2C_nominal,0.00,0.500000,0.500000,0.062500,,,,
curve,sigma_cell,weaken,2C_nominal,0.00,0.250000,0.750000,0.062500,,,,
curve,sigma_cell,weaken,2C_nominal,0.00,0.000000,1.000000,0.041667,,,,
limit,sigma_cell,weaken,2C_nominal,0.00,,,,>1.0,,,
curve,Tout,weaken,2C_nominal,0.00,1.000000,0.000000,0.062500,,,,
curve,Tout,weaken,2C_nominal,0.00,0.950000,0.050000,0.062500,,,,
curve,Tout,weaken,2C_nominal,0.00,0.900000,0.100000,0.062500,,,,
curve,Tout,weaken,2C_nominal,0.00,0.850000,0.150000,0.062500,,,,
curve,Tout,weaken,2C_nominal,0.00,0.750000,0.250000,0.062500,,,,
curve,Tout,weaken,2C_nominal,0.00,0.650000,0.350000,0.062500,,,,
curve,Tout,weaken,2C_nominal,0.00,0.500000,0.500000,0.062500,,,,
curve,Tout,weaken,2C_nominal,0.00,0.250000,0.750000,0.062500,,,,
curve,Tout,weaken,2C_nominal,0.00,0.000000,1.000000,0.062500,,,,
limit,Tout,weaken,2C_nominal,0.00,,,,>1.0,,,
curve,fullfield_T,weaken,2C_nominal,0.00,1.000000,0.000000,0.062500,,,,
curve,fullfield_T,weaken,2C_nominal,0.00,0.950000,0.050000,0.041667,,,,
curve,fullfield_T,weaken,2C_nominal,0.00,0.900000,0.100000,0.020833,,,,
curve,fullfield_T,weaken,2C_nominal,0.00,0.850000,0.150000,0.000000,,,,
curve,fullfield_T,weaken,2C_nominal,0.00,0.750000,0.250000,0.000000,,,,
curve,fullfield_T,weaken,2C_nominal,0.00,0.650000,0.350000,0.000000,,,,
curve,fullfield_T,weaken,2C_nominal,0.00,0.500000,0.500000,0.000000,,,,
curve,fullfield_T,weaken,2C_nominal,0.00,0.250000,0.750000,0.291667,,,,
curve,fullfield_T,weaken,2C_nominal,0.00,0.000000,1.000000,1.000000,,,,
limit,fullfield_T,weaken,2C_nominal,0.00,,,,0.965,,,
curve,residual_norm,weaken,2C_nominal,0.00,1.000000,0.000000,0.062500,,,,
curve,residual_norm,weaken,2C_nominal,0.00,0.950000,0.050000,0.041667,,,,
curve,residual_norm,weaken,2C_nominal,0.00,0.900000,0.100000,0.020833,,,,
curve,residual_norm,weaken,2C_nominal,0.00,0.850000,0.150000,0.000000,,,,
curve,residual_norm,weaken,2C_nominal,0.00,0.750000,0.250000,0.000000,,,,
curve,residual_norm,weaken,2C_nominal,0.00,0.650000,0.350000,0.000000,,,,
curve,residual_norm,weaken,2C_nominal,0.00,0.500000,0.500000,0.000000,,,,
curve,residual_norm,weaken,2C_nominal,0.00,0.250000,0.750000,0.270833,,,,
curve,residual_norm,weaken,2C_nominal,0.00,0.000000,1.000000,1.000000,,,,
limit,residual_norm,weaken,2C_nominal,0.00,,,,0.966,,,
curve,signature,strengthen,2C_nominal,0.00,1.000000,0.000000,0.000000,,,,
curve,signature,strengthen,2C_nominal,0.00,1.050000,0.050000,0.979167,,,,
curve,signature,strengthen,2C_nominal,0.00,1.100000,0.100000,1.000000,,,,
curve,signature,strengthen,2C_nominal,0.00,1.150000,0.150000,1.000000,,,,
curve,signature,strengthen,2C_nominal,0.00,1.250000,0.250000,1.000000,,,,
curve,signature,strengthen,2C_nominal,0.00,1.500000,0.500000,1.000000,,,,
curve,signature,strengthen,2C_nominal,0.00,2.000000,1.000000,1.000000,,,,
limit,signature,strengthen,2C_nominal,0.00,,,,0.046,0.045000,0.049091,0.000000
curve,Tmax,strengthen,2C_nominal,0.00,1.000000,0.000000,0.062500,,,,
curve,Tmax,strengthen,2C_nominal,0.00,1.050000,0.050000,0.062500,,,,
curve,Tmax,strengthen,2C_nominal,0.00,1.100000,0.100000,0.062500,,,,
curve,Tmax,strengthen,2C_nominal,0.00,1.150000,0.150000,0.062500,,,,
curve,Tmax,strengthen,2C_nominal,0.00,1.250000,0.250000,0.062500,,,,
curve,Tmax,strengthen,2C_nominal,0.00,1.500000,0.500000,0.062500,,,,
curve,Tmax,strengthen,2C_nominal,0.00,2.000000,1.000000,0.062500,,,,
limit,Tmax,strengthen,2C_nominal,0.00,,,,>1.0 (strengthen),,,
curve,dTmax,strengthen,2C_nominal,0.00,1.000000,0.000000,0.062500,,,,
curve,dTmax,strengthen,2C_nominal,0.00,1.050000,0.050000,0.062500,,,,
curve,dTmax,strengthen,2C_nominal,0.00,1.100000,0.100000,0.062500,,,,
curve,dTmax,strengthen,2C_nominal,0.00,1.150000,0.150000,0.062500,,,,
curve,dTmax,strengthen,2C_nominal,0.00,1.250000,0.250000,0.062500,,,,
curve,dTmax,strengthen,2C_nominal,0.00,1.500000,0.500000,0.062500,,,,
curve,dTmax,strengthen,2C_nominal,0.00,2.000000,1.000000,0.062500,,,,
limit,dTmax,strengthen,2C_nominal,0.00,,,,>1.0 (strengthen),,,
curve,sigma_cell,strengthen,2C_nominal,0.00,1.000000,0.000000,0.062500,,,,
curve,sigma_cell,strengthen,2C_nominal,0.00,1.050000,0.050000,0.062500,,,,
curve,sigma_cell,strengthen,2C_nominal,0.00,1.100000,0.100000,0.062500,,,,
curve,sigma_cell,strengthen,2C_nominal,0.00,1.150000,0.150000,0.062500,,,,
curve,sigma_cell,strengthen,2C_nominal,0.00,1.250000,0.250000,0.062500,,,,
curve,sigma_cell,strengthen,2C_nominal,0.00,1.500000,0.500000,0.062500,,,,
curve,sigma_cell,strengthen,2C_nominal,0.00,2.000000,1.000000,0.062500,,,,
limit,sigma_cell,strengthen,2C_nominal,0.00,,,,>1.0 (strengthen),,,
curve,Tout,strengthen,2C_nominal,0.00,1.000000,0.000000,0.062500,,,,
curve,Tout,strengthen,2C_nominal,0.00,1.050000,0.050000,0.062500,,,,
curve,Tout,strengthen,2C_nominal,0.00,1.100000,0.100000,0.062500,,,,
curve,Tout,strengthen,2C_nominal,0.00,1.150000,0.150000,0.062500,,,,
curve,Tout,strengthen,2C_nominal,0.00,1.250000,0.250000,0.062500,,,,
curve,Tout,strengthen,2C_nominal,0.00,1.500000,0.500000,0.062500,,,,
curve,Tout,strengthen,2C_nominal,0.00,2.000000,1.000000,0.062500,,,,
limit,Tout,strengthen,2C_nominal,0.00,,,,>1.0 (strengthen),,,
curve,fullfield_T,strengthen,2C_nominal,0.00,1.000000,0.000000,0.062500,,,,
curve,fullfield_T,strengthen,2C_nominal,0.00,1.050000,0.050000,0.104167,,,,
curve,fullfield_T,strengthen,2C_nominal,0.00,1.100000,0.100000,0.104167,,,,
curve,fullfield_T,strengthen,2C_nominal,0.00,1.150000,0.150000,0.166667,,,,
curve,fullfield_T,strengthen,2C_nominal,0.00,1.250000,0.250000,0.229167,,,,
curve,fullfield_T,strengthen,2C_nominal,0.00,1.500000,0.500000,0.333333,,,,
curve,fullfield_T,strengthen,2C_nominal,0.00,2.000000,1.000000,0.875000,,,,
limit,fullfield_T,strengthen,2C_nominal,0.00,,,,>1.0 (strengthen),,,
curve,residual_norm,strengthen,2C_nominal,0.00,1.000000,0.000000,0.062500,,,,
curve,residual_norm,strengthen,2C_nominal,0.00,1.050000,0.050000,0.083333,,,,
curve,residual_norm,strengthen,2C_nominal,0.00,1.100000,0.100000,0.104167,,,,
curve,residual_norm,strengthen,2C_nominal,0.00,1.150000,0.150000,0.145833,,,,
curve,residual_norm,strengthen,2C_nominal,0.00,1.250000,0.250000,0.229167,,,,
curve,residual_norm,strengthen,2C_nominal,0.00,1.500000,0.500000,0.333333,,,,
curve,residual_norm,strengthen,2C_nominal,0.00,2.000000,1.000000,0.854167,,,,
limit,residual_norm,strengthen,2C_nominal,0.00,,,,>1.0 (strengthen),,,
curve,signature,weaken,2C_nominal,0.01,1.000000,0.000000,0.000000,,,,
curve,signature,weaken,2C_nominal,0.01,0.950000,0.050000,0.041667,,,,
curve,signature,weaken,2C_nominal,0.01,0.900000,0.100000,0.000000,,,,
curve,signature,weaken,2C_nominal,0.01,0.850000,0.150000,0.062500,,,,
curve,signature,weaken,2C_nominal,0.01,0.750000,0.250000,0.041667,,,,
curve,signature,weaken,2C_nominal,0.01,0.650000,0.350000,0.020833,,,,
curve,signature,weaken,2C_nominal,0.01,0.500000,0.500000,0.000000,,,,
curve,signature,weaken,2C_nominal,0.01,0.250000,0.750000,0.020833,,,,
curve,signature,weaken,2C_nominal,0.01,0.000000,1.000000,0.937500,,,,
limit,signature,weaken,2C_nominal,0.01,,,,0.990,0.969231,>1.0 (right-censored lower bound),0.096667
curve,Tmax,weaken,2C_nominal,0.01,1.000000,0.000000,0.062500,,,,
curve,Tmax,weaken,2C_nominal,0.01,0.950000,0.050000,0.062500,,,,
curve,Tmax,weaken,2C_nominal,0.01,0.900000,0.100000,0.062500,,,,
curve,Tmax,weaken,2C_nominal,0.01,0.850000,0.150000,0.062500,,,,
curve,Tmax,weaken,2C_nominal,0.01,0.750000,0.250000,0.062500,,,,
curve,Tmax,weaken,2C_nominal,0.01,0.650000,0.350000,0.062500,,,,
curve,Tmax,weaken,2C_nominal,0.01,0.500000,0.500000,0.062500,,,,
curve,Tmax,weaken,2C_nominal,0.01,0.250000,0.750000,0.062500,,,,
curve,Tmax,weaken,2C_nominal,0.01,0.000000,1.000000,0.145833,,,,
limit,Tmax,weaken,2C_nominal,0.01,,,,>1.0,,,
curve,dTmax,weaken,2C_nominal,0.01,1.000000,0.000000,0.062500,,,,
curve,dTmax,weaken,2C_nominal,0.01,0.950000,0.050000,0.062500,,,,
curve,dTmax,weaken,2C_nominal,0.01,0.900000,0.100000,0.062500,,,,
curve,dTmax,weaken,2C_nominal,0.01,0.850000,0.150000,0.062500,,,,
curve,dTmax,weaken,2C_nominal,0.01,0.750000,0.250000,0.062500,,,,
curve,dTmax,weaken,2C_nominal,0.01,0.650000,0.350000,0.062500,,,,
curve,dTmax,weaken,2C_nominal,0.01,0.500000,0.500000,0.062500,,,,
curve,dTmax,weaken,2C_nominal,0.01,0.250000,0.750000,0.062500,,,,
curve,dTmax,weaken,2C_nominal,0.01,0.000000,1.000000,0.104167,,,,
limit,dTmax,weaken,2C_nominal,0.01,,,,>1.0,,,
curve,sigma_cell,weaken,2C_nominal,0.01,1.000000,0.000000,0.062500,,,,
curve,sigma_cell,weaken,2C_nominal,0.01,0.950000,0.050000,0.062500,,,,
curve,sigma_cell,weaken,2C_nominal,0.01,0.900000,0.100000,0.062500,,,,
curve,sigma_cell,weaken,2C_nominal,0.01,0.850000,0.150000,0.062500,,,,
curve,sigma_cell,weaken,2C_nominal,0.01,0.750000,0.250000,0.062500,,,,
curve,sigma_cell,weaken,2C_nominal,0.01,0.650000,0.350000,0.062500,,,,
curve,sigma_cell,weaken,2C_nominal,0.01,0.500000,0.500000,0.062500,,,,
curve,sigma_cell,weaken,2C_nominal,0.01,0.250000,0.750000,0.062500,,,,
curve,sigma_cell,weaken,2C_nominal,0.01,0.000000,1.000000,0.041667,,,,
limit,sigma_cell,weaken,2C_nominal,0.01,,,,>1.0,,,
curve,Tout,weaken,2C_nominal,0.01,1.000000,0.000000,0.062500,,,,
curve,Tout,weaken,2C_nominal,0.01,0.950000,0.050000,0.062500,,,,
curve,Tout,weaken,2C_nominal,0.01,0.900000,0.100000,0.062500,,,,
curve,Tout,weaken,2C_nominal,0.01,0.850000,0.150000,0.062500,,,,
curve,Tout,weaken,2C_nominal,0.01,0.750000,0.250000,0.062500,,,,
curve,Tout,weaken,2C_nominal,0.01,0.650000,0.350000,0.062500,,,,
curve,Tout,weaken,2C_nominal,0.01,0.500000,0.500000,0.062500,,,,
curve,Tout,weaken,2C_nominal,0.01,0.250000,0.750000,0.062500,,,,
curve,Tout,weaken,2C_nominal,0.01,0.000000,1.000000,0.062500,,,,
limit,Tout,weaken,2C_nominal,0.01,,,,>1.0,,,
curve,fullfield_T,weaken,2C_nominal,0.01,1.000000,0.000000,0.062500,,,,
curve,fullfield_T,weaken,2C_nominal,0.01,0.950000,0.050000,0.020833,,,,
curve,fullfield_T,weaken,2C_nominal,0.01,0.900000,0.100000,0.020833,,,,
curve,fullfield_T,weaken,2C_nominal,0.01,0.850000,0.150000,0.000000,,,,
curve,fullfield_T,weaken,2C_nominal,0.01,0.750000,0.250000,0.020833,,,,
curve,fullfield_T,weaken,2C_nominal,0.01,0.650000,0.350000,0.041667,,,,
curve,fullfield_T,weaken,2C_nominal,0.01,0.500000,0.500000,0.020833,,,,
curve,fullfield_T,weaken,2C_nominal,0.01,0.250000,0.750000,0.020833,,,,
curve,fullfield_T,weaken,2C_nominal,0.01,0.000000,1.000000,1.000000,,,,
limit,fullfield_T,weaken,2C_nominal,0.01,,,,0.974,,,
curve,residual_norm,weaken,2C_nominal,0.01,1.000000,0.000000,0.062500,,,,
curve,residual_norm,weaken,2C_nominal,0.01,0.950000,0.050000,0.041667,,,,
curve,residual_norm,weaken,2C_nominal,0.01,0.900000,0.100000,0.145833,,,,
curve,residual_norm,weaken,2C_nominal,0.01,0.850000,0.150000,0.062500,,,,
curve,residual_norm,weaken,2C_nominal,0.01,0.750000,0.250000,0.020833,,,,
curve,residual_norm,weaken,2C_nominal,0.01,0.650000,0.350000,0.104167,,,,
curve,residual_norm,weaken,2C_nominal,0.01,0.500000,0.500000,0.020833,,,,
curve,residual_norm,weaken,2C_nominal,0.01,0.250000,0.750000,0.020833,,,,
curve,residual_norm,weaken,2C_nominal,0.01,0.000000,1.000000,1.000000,,,,
limit,residual_norm,weaken,2C_nominal,0.01,,,,0.974,,,
curve,signature,strengthen,2C_nominal,0.01,1.000000,0.000000,0.000000,,,,
curve,signature,strengthen,2C_nominal,0.01,1.050000,0.050000,0.062500,,,,
curve,signature,strengthen,2C_nominal,0.01,1.100000,0.100000,0.000000,,,,
curve,signature,strengthen,2C_nominal,0.01,1.150000,0.150000,0.125000,,,,
curve,signature,strengthen,2C_nominal,0.01,1.250000,0.250000,0.062500,,,,
curve,signature,strengthen,2C_nominal,0.01,1.500000,0.500000,0.000000,,,,
curve,signature,strengthen,2C_nominal,0.01,2.000000,1.000000,0.062500,,,,
limit,signature,strengthen,2C_nominal,0.01,,,,>1.0 (strengthen),,>1.0 (right-censored lower bound),1.000000
curve,Tmax,strengthen,2C_nominal,0.01,1.000000,0.000000,0.062500,,,,
curve,Tmax,strengthen,2C_nominal,0.01,1.050000,0.050000,0.062500,,,,
curve,Tmax,strengthen,2C_nominal,0.01,1.100000,0.100000,0.062500,,,,
curve,Tmax,strengthen,2C_nominal,0.01,1.150000,0.150000,0.062500,,,,
curve,Tmax,strengthen,2C_nominal,0.01,1.250000,0.250000,0.062500,,,,
curve,Tmax,strengthen,2C_nominal,0.01,1.500000,0.500000,0.062500,,,,
curve,Tmax,strengthen,2C_nominal,0.01,2.000000,1.000000,0.062500,,,,
limit,Tmax,strengthen,2C_nominal,0.01,,,,>1.0 (strengthen),,,
curve,dTmax,strengthen,2C_nominal,0.01,1.000000,0.000000,0.062500,,,,
curve,dTmax,strengthen,2C_nominal,0.01,1.050000,0.050000,0.062500,,,,
curve,dTmax,strengthen,2C_nominal,0.01,1.100000,0.100000,0.062500,,,,
curve,dTmax,strengthen,2C_nominal,0.01,1.150000,0.150000,0.062500,,,,
curve,dTmax,strengthen,2C_nominal,0.01,1.250000,0.250000,0.062500,,,,
curve,dTmax,strengthen,2C_nominal,0.01,1.500000,0.500000,0.062500,,,,
curve,dTmax,strengthen,2C_nominal,0.01,2.000000,1.000000,0.062500,,,,
limit,dTmax,strengthen,2C_nominal,0.01,,,,>1.0 (strengthen),,,
curve,sigma_cell,strengthen,2C_nominal,0.01,1.000000,0.000000,0.062500,,,,
curve,sigma_cell,strengthen,2C_nominal,0.01,1.050000,0.050000,0.062500,,,,
curve,sigma_cell,strengthen,2C_nominal,0.01,1.100000,0.100000,0.062500,,,,
curve,sigma_cell,strengthen,2C_nominal,0.01,1.150000,0.150000,0.062500,,,,
curve,sigma_cell,strengthen,2C_nominal,0.01,1.250000,0.250000,0.062500,,,,
curve,sigma_cell,strengthen,2C_nominal,0.01,1.500000,0.500000,0.062500,,,,
curve,sigma_cell,strengthen,2C_nominal,0.01,2.000000,1.000000,0.062500,,,,
limit,sigma_cell,strengthen,2C_nominal,0.01,,,,>1.0 (strengthen),,,
curve,Tout,strengthen,2C_nominal,0.01,1.000000,0.000000,0.062500,,,,
curve,Tout,strengthen,2C_nominal,0.01,1.050000,0.050000,0.062500,,,,
curve,Tout,strengthen,2C_nominal,0.01,1.100000,0.100000,0.062500,,,,
curve,Tout,strengthen,2C_nominal,0.01,1.150000,0.150000,0.062500,,,,
curve,Tout,strengthen,2C_nominal,0.01,1.250000,0.250000,0.062500,,,,
curve,Tout,strengthen,2C_nominal,0.01,1.500000,0.500000,0.062500,,,,
curve,Tout,strengthen,2C_nominal,0.01,2.000000,1.000000,0.062500,,,,
limit,Tout,strengthen,2C_nominal,0.01,,,,>1.0 (strengthen),,,
curve,fullfield_T,strengthen,2C_nominal,0.01,1.000000,0.000000,0.062500,,,,
curve,fullfield_T,strengthen,2C_nominal,0.01,1.050000,0.050000,0.062500,,,,
curve,fullfield_T,strengthen,2C_nominal,0.01,1.100000,0.100000,0.041667,,,,
curve,fullfield_T,strengthen,2C_nominal,0.01,1.150000,0.150000,0.000000,,,,
curve,fullfield_T,strengthen,2C_nominal,0.01,1.250000,0.250000,0.041667,,,,
curve,fullfield_T,strengthen,2C_nominal,0.01,1.500000,0.500000,0.020833,,,,
curve,fullfield_T,strengthen,2C_nominal,0.01,2.000000,1.000000,0.041667,,,,
limit,fullfield_T,strengthen,2C_nominal,0.01,,,,>1.0 (strengthen),,,
curve,residual_norm,strengthen,2C_nominal,0.01,1.000000,0.000000,0.062500,,,,
curve,residual_norm,strengthen,2C_nominal,0.01,1.050000,0.050000,0.083333,,,,
curve,residual_norm,strengthen,2C_nominal,0.01,1.100000,0.100000,0.083333,,,,
curve,residual_norm,strengthen,2C_nominal,0.01,1.150000,0.150000,0.020833,,,,
curve,residual_norm,strengthen,2C_nominal,0.01,1.250000,0.250000,0.062500,,,,
curve,residual_norm,strengthen,2C_nominal,0.01,1.500000,0.500000,0.062500,,,,
curve,residual_norm,strengthen,2C_nominal,0.01,2.000000,1.000000,0.104167,,,,
limit,residual_norm,strengthen,2C_nominal,0.01,,,,>1.0 (strengthen),,,
curve,signature,weaken,2C_nominal,0.05,1.000000,0.000000,0.000000,,,,
curve,signature,weaken,2C_nominal,0.05,0.950000,0.050000,0.083333,,,,
curve,signature,weaken,2C_nominal,0.05,0.900000,0.100000,0.083333,,,,
curve,signature,weaken,2C_nominal,0.05,0.850000,0.150000,0.000000,,,,
curve,signature,weaken,2C_nominal,0.05,0.750000,0.250000,0.062500,,,,
curve,signature,weaken,2C_nominal,0.05,0.650000,0.350000,0.041667,,,,
curve,signature,weaken,2C_nominal,0.05,0.500000,0.500000,0.083333,,,,
curve,signature,weaken,2C_nominal,0.05,0.250000,0.750000,0.041667,,,,
curve,signature,weaken,2C_nominal,0.05,0.000000,1.000000,0.166667,,,,
limit,signature,weaken,2C_nominal,0.05,,,,>1.0,,>1.0 (right-censored lower bound),1.000000
curve,Tmax,weaken,2C_nominal,0.05,1.000000,0.000000,0.062500,,,,
curve,Tmax,weaken,2C_nominal,0.05,0.950000,0.050000,0.062500,,,,
curve,Tmax,weaken,2C_nominal,0.05,0.900000,0.100000,0.062500,,,,
curve,Tmax,weaken,2C_nominal,0.05,0.850000,0.150000,0.062500,,,,
curve,Tmax,weaken,2C_nominal,0.05,0.750000,0.250000,0.062500,,,,
curve,Tmax,weaken,2C_nominal,0.05,0.650000,0.350000,0.062500,,,,
curve,Tmax,weaken,2C_nominal,0.05,0.500000,0.500000,0.062500,,,,
curve,Tmax,weaken,2C_nominal,0.05,0.250000,0.750000,0.062500,,,,
curve,Tmax,weaken,2C_nominal,0.05,0.000000,1.000000,0.145833,,,,
limit,Tmax,weaken,2C_nominal,0.05,,,,>1.0,,,
curve,dTmax,weaken,2C_nominal,0.05,1.000000,0.000000,0.062500,,,,
curve,dTmax,weaken,2C_nominal,0.05,0.950000,0.050000,0.062500,,,,
curve,dTmax,weaken,2C_nominal,0.05,0.900000,0.100000,0.062500,,,,
curve,dTmax,weaken,2C_nominal,0.05,0.850000,0.150000,0.062500,,,,
curve,dTmax,weaken,2C_nominal,0.05,0.750000,0.250000,0.062500,,,,
curve,dTmax,weaken,2C_nominal,0.05,0.650000,0.350000,0.062500,,,,
curve,dTmax,weaken,2C_nominal,0.05,0.500000,0.500000,0.062500,,,,
curve,dTmax,weaken,2C_nominal,0.05,0.250000,0.750000,0.062500,,,,
curve,dTmax,weaken,2C_nominal,0.05,0.000000,1.000000,0.104167,,,,
limit,dTmax,weaken,2C_nominal,0.05,,,,>1.0,,,
curve,sigma_cell,weaken,2C_nominal,0.05,1.000000,0.000000,0.062500,,,,
curve,sigma_cell,weaken,2C_nominal,0.05,0.950000,0.050000,0.062500,,,,
curve,sigma_cell,weaken,2C_nominal,0.05,0.900000,0.100000,0.062500,,,,
curve,sigma_cell,weaken,2C_nominal,0.05,0.850000,0.150000,0.062500,,,,
curve,sigma_cell,weaken,2C_nominal,0.05,0.750000,0.250000,0.062500,,,,
curve,sigma_cell,weaken,2C_nominal,0.05,0.650000,0.350000,0.062500,,,,
curve,sigma_cell,weaken,2C_nominal,0.05,0.500000,0.500000,0.062500,,,,
curve,sigma_cell,weaken,2C_nominal,0.05,0.250000,0.750000,0.062500,,,,
curve,sigma_cell,weaken,2C_nominal,0.05,0.000000,1.000000,0.041667,,,,
limit,sigma_cell,weaken,2C_nominal,0.05,,,,>1.0,,,
curve,Tout,weaken,2C_nominal,0.05,1.000000,0.000000,0.062500,,,,
curve,Tout,weaken,2C_nominal,0.05,0.950000,0.050000,0.062500,,,,
curve,Tout,weaken,2C_nominal,0.05,0.900000,0.100000,0.062500,,,,
curve,Tout,weaken,2C_nominal,0.05,0.850000,0.150000,0.062500,,,,
curve,Tout,weaken,2C_nominal,0.05,0.750000,0.250000,0.062500,,,,
curve,Tout,weaken,2C_nominal,0.05,0.650000,0.350000,0.062500,,,,
curve,Tout,weaken,2C_nominal,0.05,0.500000,0.500000,0.062500,,,,
curve,Tout,weaken,2C_nominal,0.05,0.250000,0.750000,0.062500,,,,
curve,Tout,weaken,2C_nominal,0.05,0.000000,1.000000,0.062500,,,,
limit,Tout,weaken,2C_nominal,0.05,,,,>1.0,,,
curve,fullfield_T,weaken,2C_nominal,0.05,1.000000,0.000000,0.062500,,,,
curve,fullfield_T,weaken,2C_nominal,0.05,0.950000,0.050000,0.041667,,,,
curve,fullfield_T,weaken,2C_nominal,0.05,0.900000,0.100000,0.062500,,,,
curve,fullfield_T,weaken,2C_nominal,0.05,0.850000,0.150000,0.041667,,,,
curve,fullfield_T,weaken,2C_nominal,0.05,0.750000,0.250000,0.020833,,,,
curve,fullfield_T,weaken,2C_nominal,0.05,0.650000,0.350000,0.041667,,,,
curve,fullfield_T,weaken,2C_nominal,0.05,0.500000,0.500000,0.083333,,,,
curve,fullfield_T,weaken,2C_nominal,0.05,0.250000,0.750000,0.000000,,,,
curve,fullfield_T,weaken,2C_nominal,0.05,0.000000,1.000000,0.062500,,,,
limit,fullfield_T,weaken,2C_nominal,0.05,,,,>1.0,,,
curve,residual_norm,weaken,2C_nominal,0.05,1.000000,0.000000,0.062500,,,,
curve,residual_norm,weaken,2C_nominal,0.05,0.950000,0.050000,0.083333,,,,
curve,residual_norm,weaken,2C_nominal,0.05,0.900000,0.100000,0.083333,,,,
curve,residual_norm,weaken,2C_nominal,0.05,0.850000,0.150000,0.041667,,,,
curve,residual_norm,weaken,2C_nominal,0.05,0.750000,0.250000,0.083333,,,,
curve,residual_norm,weaken,2C_nominal,0.05,0.650000,0.350000,0.062500,,,,
curve,residual_norm,weaken,2C_nominal,0.05,0.500000,0.500000,0.166667,,,,
curve,residual_norm,weaken,2C_nominal,0.05,0.250000,0.750000,0.041667,,,,
curve,residual_norm,weaken,2C_nominal,0.05,0.000000,1.000000,0.145833,,,,
limit,residual_norm,weaken,2C_nominal,0.05,,,,>1.0,,,
curve,signature,strengthen,2C_nominal,0.05,1.000000,0.000000,0.000000,,,,
curve,signature,strengthen,2C_nominal,0.05,1.050000,0.050000,0.020833,,,,
curve,signature,strengthen,2C_nominal,0.05,1.100000,0.100000,0.083333,,,,
curve,signature,strengthen,2C_nominal,0.05,1.150000,0.150000,0.083333,,,,
curve,signature,strengthen,2C_nominal,0.05,1.250000,0.250000,0.062500,,,,
curve,signature,strengthen,2C_nominal,0.05,1.500000,0.500000,0.041667,,,,
curve,signature,strengthen,2C_nominal,0.05,2.000000,1.000000,0.020833,,,,
limit,signature,strengthen,2C_nominal,0.05,,,,>1.0 (strengthen),,>1.0 (right-censored lower bound),1.000000
curve,Tmax,strengthen,2C_nominal,0.05,1.000000,0.000000,0.062500,,,,
curve,Tmax,strengthen,2C_nominal,0.05,1.050000,0.050000,0.062500,,,,
curve,Tmax,strengthen,2C_nominal,0.05,1.100000,0.100000,0.062500,,,,
curve,Tmax,strengthen,2C_nominal,0.05,1.150000,0.150000,0.062500,,,,
curve,Tmax,strengthen,2C_nominal,0.05,1.250000,0.250000,0.062500,,,,
curve,Tmax,strengthen,2C_nominal,0.05,1.500000,0.500000,0.062500,,,,
curve,Tmax,strengthen,2C_nominal,0.05,2.000000,1.000000,0.062500,,,,
limit,Tmax,strengthen,2C_nominal,0.05,,,,>1.0 (strengthen),,,
curve,dTmax,strengthen,2C_nominal,0.05,1.000000,0.000000,0.062500,,,,
curve,dTmax,strengthen,2C_nominal,0.05,1.050000,0.050000,0.062500,,,,
curve,dTmax,strengthen,2C_nominal,0.05,1.100000,0.100000,0.062500,,,,
curve,dTmax,strengthen,2C_nominal,0.05,1.150000,0.150000,0.062500,,,,
curve,dTmax,strengthen,2C_nominal,0.05,1.250000,0.250000,0.062500,,,,
curve,dTmax,strengthen,2C_nominal,0.05,1.500000,0.500000,0.062500,,,,
curve,dTmax,strengthen,2C_nominal,0.05,2.000000,1.000000,0.062500,,,,
limit,dTmax,strengthen,2C_nominal,0.05,,,,>1.0 (strengthen),,,
curve,sigma_cell,strengthen,2C_nominal,0.05,1.000000,0.000000,0.062500,,,,
curve,sigma_cell,strengthen,2C_nominal,0.05,1.050000,0.050000,0.062500,,,,
curve,sigma_cell,strengthen,2C_nominal,0.05,1.100000,0.100000,0.062500,,,,
curve,sigma_cell,strengthen,2C_nominal,0.05,1.150000,0.150000,0.062500,,,,
curve,sigma_cell,strengthen,2C_nominal,0.05,1.250000,0.250000,0.062500,,,,
curve,sigma_cell,strengthen,2C_nominal,0.05,1.500000,0.500000,0.062500,,,,
curve,sigma_cell,strengthen,2C_nominal,0.05,2.000000,1.000000,0.062500,,,,
limit,sigma_cell,strengthen,2C_nominal,0.05,,,,>1.0 (strengthen),,,
curve,Tout,strengthen,2C_nominal,0.05,1.000000,0.000000,0.062500,,,,
curve,Tout,strengthen,2C_nominal,0.05,1.050000,0.050000,0.062500,,,,
curve,Tout,strengthen,2C_nominal,0.05,1.100000,0.100000,0.062500,,,,
curve,Tout,strengthen,2C_nominal,0.05,1.150000,0.150000,0.062500,,,,
curve,Tout,strengthen,2C_nominal,0.05,1.250000,0.250000,0.062500,,,,
curve,Tout,strengthen,2C_nominal,0.05,1.500000,0.500000,0.062500,,,,
curve,Tout,strengthen,2C_nominal,0.05,2.000000,1.000000,0.062500,,,,
limit,Tout,strengthen,2C_nominal,0.05,,,,>1.0 (strengthen),,,
curve,fullfield_T,strengthen,2C_nominal,0.05,1.000000,0.000000,0.062500,,,,
curve,fullfield_T,strengthen,2C_nominal,0.05,1.050000,0.050000,0.083333,,,,
curve,fullfield_T,strengthen,2C_nominal,0.05,1.100000,0.100000,0.020833,,,,
curve,fullfield_T,strengthen,2C_nominal,0.05,1.150000,0.150000,0.041667,,,,
curve,fullfield_T,strengthen,2C_nominal,0.05,1.250000,0.250000,0.062500,,,,
curve,fullfield_T,strengthen,2C_nominal,0.05,1.500000,0.500000,0.020833,,,,
curve,fullfield_T,strengthen,2C_nominal,0.05,2.000000,1.000000,0.020833,,,,
limit,fullfield_T,strengthen,2C_nominal,0.05,,,,>1.0 (strengthen),,,
curve,residual_norm,strengthen,2C_nominal,0.05,1.000000,0.000000,0.062500,,,,
curve,residual_norm,strengthen,2C_nominal,0.05,1.050000,0.050000,0.125000,,,,
curve,residual_norm,strengthen,2C_nominal,0.05,1.100000,0.100000,0.104167,,,,
curve,residual_norm,strengthen,2C_nominal,0.05,1.150000,0.150000,0.083333,,,,
curve,residual_norm,strengthen,2C_nominal,0.05,1.250000,0.250000,0.166667,,,,
curve,residual_norm,strengthen,2C_nominal,0.05,1.500000,0.500000,0.083333,,,,
curve,residual_norm,strengthen,2C_nominal,0.05,2.000000,1.000000,0.020833,,,,
limit,residual_norm,strengthen,2C_nominal,0.05,,,,>1.0 (strengthen),,,
curve,signature,weaken,1C_nominal,0.01,1.000000,0.000000,0.000000,,,,
curve,signature,weaken,1C_nominal,0.01,0.950000,0.050000,0.104167,,,,
curve,signature,weaken,1C_nominal,0.01,0.900000,0.100000,0.104167,,,,
curve,signature,weaken,1C_nominal,0.01,0.850000,0.150000,0.000000,,,,
curve,signature,weaken,1C_nominal,0.01,0.750000,0.250000,0.208333,,,,
curve,signature,weaken,1C_nominal,0.01,0.650000,0.350000,0.062500,,,,
curve,signature,weaken,1C_nominal,0.01,0.500000,0.500000,0.020833,,,,
curve,signature,weaken,1C_nominal,0.01,0.250000,0.750000,0.062500,,,,
curve,signature,weaken,1C_nominal,0.01,0.000000,1.000000,0.229167,,,,
limit,signature,weaken,1C_nominal,0.01,,,,>1.0,,,
curve,Tmax,weaken,1C_nominal,0.01,1.000000,0.000000,0.062500,,,,
curve,Tmax,weaken,1C_nominal,0.01,0.950000,0.050000,0.062500,,,,
curve,Tmax,weaken,1C_nominal,0.01,0.900000,0.100000,0.062500,,,,
curve,Tmax,weaken,1C_nominal,0.01,0.850000,0.150000,0.062500,,,,
curve,Tmax,weaken,1C_nominal,0.01,0.750000,0.250000,0.062500,,,,
curve,Tmax,weaken,1C_nominal,0.01,0.650000,0.350000,0.062500,,,,
curve,Tmax,weaken,1C_nominal,0.01,0.500000,0.500000,0.062500,,,,
curve,Tmax,weaken,1C_nominal,0.01,0.250000,0.750000,0.062500,,,,
curve,Tmax,weaken,1C_nominal,0.01,0.000000,1.000000,0.041667,,,,
limit,Tmax,weaken,1C_nominal,0.01,,,,>1.0,,,
curve,dTmax,weaken,1C_nominal,0.01,1.000000,0.000000,0.062500,,,,
curve,dTmax,weaken,1C_nominal,0.01,0.950000,0.050000,0.062500,,,,
curve,dTmax,weaken,1C_nominal,0.01,0.900000,0.100000,0.062500,,,,
curve,dTmax,weaken,1C_nominal,0.01,0.850000,0.150000,0.062500,,,,
curve,dTmax,weaken,1C_nominal,0.01,0.750000,0.250000,0.062500,,,,
curve,dTmax,weaken,1C_nominal,0.01,0.650000,0.350000,0.062500,,,,
curve,dTmax,weaken,1C_nominal,0.01,0.500000,0.500000,0.062500,,,,
curve,dTmax,weaken,1C_nominal,0.01,0.250000,0.750000,0.083333,,,,
curve,dTmax,weaken,1C_nominal,0.01,0.000000,1.000000,0.104167,,,,
limit,dTmax,weaken,1C_nominal,0.01,,,,>1.0,,,
curve,signature,strengthen,1C_nominal,0.01,1.000000,0.000000,0.000000,,,,
curve,signature,strengthen,1C_nominal,0.01,1.050000,0.050000,0.041667,,,,
curve,signature,strengthen,1C_nominal,0.01,1.100000,0.100000,0.125000,,,,
curve,signature,strengthen,1C_nominal,0.01,1.150000,0.150000,0.020833,,,,
curve,signature,strengthen,1C_nominal,0.01,1.250000,0.250000,0.041667,,,,
curve,signature,strengthen,1C_nominal,0.01,1.500000,0.500000,0.020833,,,,
curve,signature,strengthen,1C_nominal,0.01,2.000000,1.000000,0.125000,,,,
limit,signature,strengthen,1C_nominal,0.01,,,,>1.0 (strengthen),,,
curve,Tmax,strengthen,1C_nominal,0.01,1.000000,0.000000,0.062500,,,,
curve,Tmax,strengthen,1C_nominal,0.01,1.050000,0.050000,0.062500,,,,
curve,Tmax,strengthen,1C_nominal,0.01,1.100000,0.100000,0.062500,,,,
curve,Tmax,strengthen,1C_nominal,0.01,1.150000,0.150000,0.062500,,,,
curve,Tmax,strengthen,1C_nominal,0.01,1.250000,0.250000,0.062500,,,,
curve,Tmax,strengthen,1C_nominal,0.01,1.500000,0.500000,0.062500,,,,
curve,Tmax,strengthen,1C_nominal,0.01,2.000000,1.000000,0.062500,,,,
limit,Tmax,strengthen,1C_nominal,0.01,,,,>1.0 (strengthen),,,
curve,dTmax,strengthen,1C_nominal,0.01,1.000000,0.000000,0.062500,,,,
curve,dTmax,strengthen,1C_nominal,0.01,1.050000,0.050000,0.062500,,,,
curve,dTmax,strengthen,1C_nominal,0.01,1.100000,0.100000,0.062500,,,,
curve,dTmax,strengthen,1C_nominal,0.01,1.150000,0.150000,0.062500,,,,
curve,dTmax,strengthen,1C_nominal,0.01,1.250000,0.250000,0.062500,,,,
curve,dTmax,strengthen,1C_nominal,0.01,1.500000,0.500000,0.062500,,,,
curve,dTmax,strengthen,1C_nominal,0.01,2.000000,1.000000,0.062500,,,,
limit,dTmax,strengthen,1C_nominal,0.01,,,,>1.0 (strengthen),,,
curve,signature,weaken,3C_nominal,0.01,1.000000,0.000000,0.000000,,,,
curve,signature,weaken,3C_nominal,0.01,0.950000,0.050000,0.041667,,,,
curve,signature,weaken,3C_nominal,0.01,0.900000,0.100000,0.020833,,,,
curve,signature,weaken,3C_nominal,0.01,0.850000,0.150000,0.020833,,,,
curve,signature,weaken,3C_nominal,0.01,0.750000,0.250000,0.020833,,,,
curve,signature,weaken,3C_nominal,0.01,0.650000,0.350000,0.020833,,,,
curve,signature,weaken,3C_nominal,0.01,0.500000,0.500000,0.020833,,,,
curve,signature,weaken,3C_nominal,0.01,0.250000,0.750000,0.083333,,,,
curve,signature,weaken,3C_nominal,0.01,0.000000,1.000000,1.000000,,,,
limit,signature,weaken,3C_nominal,0.01,,,,0.973,,,
curve,Tmax,weaken,3C_nominal,0.01,1.000000,0.000000,0.062500,,,,
curve,Tmax,weaken,3C_nominal,0.01,0.950000,0.050000,0.062500,,,,
curve,Tmax,weaken,3C_nominal,0.01,0.900000,0.100000,0.062500,,,,
curve,Tmax,weaken,3C_nominal,0.01,0.850000,0.150000,0.062500,,,,
curve,Tmax,weaken,3C_nominal,0.01,0.750000,0.250000,0.062500,,,,
curve,Tmax,weaken,3C_nominal,0.01,0.650000,0.350000,0.062500,,,,
curve,Tmax,weaken,3C_nominal,0.01,0.500000,0.500000,0.062500,,,,
curve,Tmax,weaken,3C_nominal,0.01,0.250000,0.750000,0.062500,,,,
curve,Tmax,weaken,3C_nominal,0.01,0.000000,1.000000,0.104167,,,,
limit,Tmax,weaken,3C_nominal,0.01,,,,>1.0,,,
curve,dTmax,weaken,3C_nominal,0.01,1.000000,0.000000,0.062500,,,,
curve,dTmax,weaken,3C_nominal,0.01,0.950000,0.050000,0.062500,,,,
curve,dTmax,weaken,3C_nominal,0.01,0.900000,0.100000,0.062500,,,,
curve,dTmax,weaken,3C_nominal,0.01,0.850000,0.150000,0.062500,,,,
curve,dTmax,weaken,3C_nominal,0.01,0.750000,0.250000,0.062500,,,,
curve,dTmax,weaken,3C_nominal,0.01,0.650000,0.350000,0.062500,,,,
curve,dTmax,weaken,3C_nominal,0.01,0.500000,0.500000,0.062500,,,,
curve,dTmax,weaken,3C_nominal,0.01,0.250000,0.750000,0.062500,,,,
curve,dTmax,weaken,3C_nominal,0.01,0.000000,1.000000,0.104167,,,,
limit,dTmax,weaken,3C_nominal,0.01,,,,>1.0,,,
curve,signature,strengthen,3C_nominal,0.01,1.000000,0.000000,0.000000,,,,
curve,signature,strengthen,3C_nominal,0.01,1.050000,0.050000,0.145833,,,,
curve,signature,strengthen,3C_nominal,0.01,1.100000,0.100000,0.041667,,,,
curve,signature,strengthen,3C_nominal,0.01,1.150000,0.150000,0.041667,,,,
curve,signature,strengthen,3C_nominal,0.01,1.250000,0.250000,0.145833,,,,
curve,signature,strengthen,3C_nominal,0.01,1.500000,0.500000,0.083333,,,,
curve,signature,strengthen,3C_nominal,0.01,2.000000,1.000000,0.020833,,,,
limit,signature,strengthen,3C_nominal,0.01,,,,>1.0 (strengthen),,,
curve,Tmax,strengthen,3C_nominal,0.01,1.000000,0.000000,0.062500,,,,
curve,Tmax,strengthen,3C_nominal,0.01,1.050000,0.050000,0.062500,,,,
curve,Tmax,strengthen,3C_nominal,0.01,1.100000,0.100000,0.062500,,,,
curve,Tmax,strengthen,3C_nominal,0.01,1.150000,0.150000,0.062500,,,,
curve,Tmax,strengthen,3C_nominal,0.01,1.250000,0.250000,0.062500,,,,
curve,Tmax,strengthen,3C_nominal,0.01,1.500000,0.500000,0.062500,,,,
curve,Tmax,strengthen,3C_nominal,0.01,2.000000,1.000000,0.041667,,,,
limit,Tmax,strengthen,3C_nominal,0.01,,,,>1.0 (strengthen),,,
curve,dTmax,strengthen,3C_nominal,0.01,1.000000,0.000000,0.062500,,,,
curve,dTmax,strengthen,3C_nominal,0.01,1.050000,0.050000,0.062500,,,,
curve,dTmax,strengthen,3C_nominal,0.01,1.100000,0.100000,0.062500,,,,
curve,dTmax,strengthen,3C_nominal,0.01,1.150000,0.150000,0.062500,,,,
curve,dTmax,strengthen,3C_nominal,0.01,1.250000,0.250000,0.062500,,,,
curve,dTmax,strengthen,3C_nominal,0.01,1.500000,0.500000,0.062500,,,,
curve,dTmax,strengthen,3C_nominal,0.01,2.000000,1.000000,0.062500,,,,
limit,dTmax,strengthen,3C_nominal,0.01,,,,>1.0 (strengthen),,,
curve,signature,weaken,2C_low_flow,0.01,1.000000,0.000000,0.000000,,,,
curve,signature,weaken,2C_low_flow,0.01,0.950000,0.050000,0.000000,,,,
curve,signature,weaken,2C_low_flow,0.01,0.900000,0.100000,0.125000,,,,
curve,signature,weaken,2C_low_flow,0.01,0.850000,0.150000,0.000000,,,,
curve,signature,weaken,2C_low_flow,0.01,0.750000,0.250000,0.062500,,,,
curve,signature,weaken,2C_low_flow,0.01,0.650000,0.350000,0.187500,,,,
curve,signature,weaken,2C_low_flow,0.01,0.500000,0.500000,0.062500,,,,
curve,signature,weaken,2C_low_flow,0.01,0.250000,0.750000,0.000000,,,,
curve,signature,weaken,2C_low_flow,0.01,0.000000,1.000000,1.000000,,,,
limit,signature,weaken,2C_low_flow,0.01,,,,0.975,,,
curve,Tmax,weaken,2C_low_flow,0.01,1.000000,0.000000,0.062500,,,,
curve,Tmax,weaken,2C_low_flow,0.01,0.950000,0.050000,0.062500,,,,
curve,Tmax,weaken,2C_low_flow,0.01,0.900000,0.100000,0.062500,,,,
curve,Tmax,weaken,2C_low_flow,0.01,0.850000,0.150000,0.062500,,,,
curve,Tmax,weaken,2C_low_flow,0.01,0.750000,0.250000,0.062500,,,,
curve,Tmax,weaken,2C_low_flow,0.01,0.650000,0.350000,0.062500,,,,
curve,Tmax,weaken,2C_low_flow,0.01,0.500000,0.500000,0.062500,,,,
curve,Tmax,weaken,2C_low_flow,0.01,0.250000,0.750000,0.062500,,,,
curve,Tmax,weaken,2C_low_flow,0.01,0.000000,1.000000,0.083333,,,,
limit,Tmax,weaken,2C_low_flow,0.01,,,,>1.0,,,
curve,dTmax,weaken,2C_low_flow,0.01,1.000000,0.000000,0.062500,,,,
curve,dTmax,weaken,2C_low_flow,0.01,0.950000,0.050000,0.062500,,,,
curve,dTmax,weaken,2C_low_flow,0.01,0.900000,0.100000,0.062500,,,,
curve,dTmax,weaken,2C_low_flow,0.01,0.850000,0.150000,0.062500,,,,
curve,dTmax,weaken,2C_low_flow,0.01,0.750000,0.250000,0.062500,,,,
curve,dTmax,weaken,2C_low_flow,0.01,0.650000,0.350000,0.062500,,,,
curve,dTmax,weaken,2C_low_flow,0.01,0.500000,0.500000,0.062500,,,,
curve,dTmax,weaken,2C_low_flow,0.01,0.250000,0.750000,0.062500,,,,
curve,dTmax,weaken,2C_low_flow,0.01,0.000000,1.000000,0.083333,,,,
limit,dTmax,weaken,2C_low_flow,0.01,,,,>1.0,,,
curve,signature,strengthen,2C_low_flow,0.01,1.000000,0.000000,0.000000,,,,
curve,signature,strengthen,2C_low_flow,0.01,1.050000,0.050000,0.104167,,,,
curve,signature,strengthen,2C_low_flow,0.01,1.100000,0.100000,0.145833,,,,
curve,signature,strengthen,2C_low_flow,0.01,1.150000,0.150000,0.041667,,,,
curve,signature,strengthen,2C_low_flow,0.01,1.250000,0.250000,0.020833,,,,
curve,signature,strengthen,2C_low_flow,0.01,1.500000,0.500000,0.000000,,,,
curve,signature,strengthen,2C_low_flow,0.01,2.000000,1.000000,0.041667,,,,
limit,signature,strengthen,2C_low_flow,0.01,,,,>1.0 (strengthen),,,
curve,Tmax,strengthen,2C_low_flow,0.01,1.000000,0.000000,0.062500,,,,
curve,Tmax,strengthen,2C_low_flow,0.01,1.050000,0.050000,0.062500,,,,
curve,Tmax,strengthen,2C_low_flow,0.01,1.100000,0.100000,0.062500,,,,
curve,Tmax,strengthen,2C_low_flow,0.01,1.150000,0.150000,0.062500,,,,
curve,Tmax,strengthen,2C_low_flow,0.01,1.250000,0.250000,0.062500,,,,
curve,Tmax,strengthen,2C_low_flow,0.01,1.500000,0.500000,0.062500,,,,
curve,Tmax,strengthen,2C_low_flow,0.01,2.000000,1.000000,0.062500,,,,
limit,Tmax,strengthen,2C_low_flow,0.01,,,,>1.0 (strengthen),,,
curve,dTmax,strengthen,2C_low_flow,0.01,1.000000,0.000000,0.062500,,,,
curve,dTmax,strengthen,2C_low_flow,0.01,1.050000,0.050000,0.062500,,,,
curve,dTmax,strengthen,2C_low_flow,0.01,1.100000,0.100000,0.062500,,,,
curve,dTmax,strengthen,2C_low_flow,0.01,1.150000,0.150000,0.062500,,,,
curve,dTmax,strengthen,2C_low_flow,0.01,1.250000,0.250000,0.062500,,,,
curve,dTmax,strengthen,2C_low_flow,0.01,1.500000,0.500000,0.062500,,,,
curve,dTmax,strengthen,2C_low_flow,0.01,2.000000,1.000000,0.062500,,,,
limit,dTmax,strengthen,2C_low_flow,0.01,,,,>1.0 (strengthen),,,
curve,signature,weaken,2C_high_flow,0.01,1.000000,0.000000,0.000000,,,,
curve,signature,weaken,2C_high_flow,0.01,0.950000,0.050000,0.020833,,,,
curve,signature,weaken,2C_high_flow,0.01,0.900000,0.100000,0.000000,,,,
curve,signature,weaken,2C_high_flow,0.01,0.850000,0.150000,0.062500,,,,
curve,signature,weaken,2C_high_flow,0.01,0.750000,0.250000,0.083333,,,,
curve,signature,weaken,2C_high_flow,0.01,0.650000,0.350000,0.000000,,,,
curve,signature,weaken,2C_high_flow,0.01,0.500000,0.500000,0.000000,,,,
curve,signature,weaken,2C_high_flow,0.01,0.250000,0.750000,0.020833,,,,
curve,signature,weaken,2C_high_flow,0.01,0.000000,1.000000,0.875000,,,,
limit,signature,weaken,2C_high_flow,0.01,,,,>1.0,,,
curve,Tmax,weaken,2C_high_flow,0.01,1.000000,0.000000,0.062500,,,,
curve,Tmax,weaken,2C_high_flow,0.01,0.950000,0.050000,0.062500,,,,
curve,Tmax,weaken,2C_high_flow,0.01,0.900000,0.100000,0.062500,,,,
curve,Tmax,weaken,2C_high_flow,0.01,0.850000,0.150000,0.062500,,,,
curve,Tmax,weaken,2C_high_flow,0.01,0.750000,0.250000,0.062500,,,,
curve,Tmax,weaken,2C_high_flow,0.01,0.650000,0.350000,0.062500,,,,
curve,Tmax,weaken,2C_high_flow,0.01,0.500000,0.500000,0.062500,,,,
curve,Tmax,weaken,2C_high_flow,0.01,0.250000,0.750000,0.062500,,,,
curve,Tmax,weaken,2C_high_flow,0.01,0.000000,1.000000,0.145833,,,,
limit,Tmax,weaken,2C_high_flow,0.01,,,,>1.0,,,
curve,dTmax,weaken,2C_high_flow,0.01,1.000000,0.000000,0.062500,,,,
curve,dTmax,weaken,2C_high_flow,0.01,0.950000,0.050000,0.062500,,,,
curve,dTmax,weaken,2C_high_flow,0.01,0.900000,0.100000,0.062500,,,,
curve,dTmax,weaken,2C_high_flow,0.01,0.850000,0.150000,0.062500,,,,
curve,dTmax,weaken,2C_high_flow,0.01,0.750000,0.250000,0.062500,,,,
curve,dTmax,weaken,2C_high_flow,0.01,0.650000,0.350000,0.062500,,,,
curve,dTmax,weaken,2C_high_flow,0.01,0.500000,0.500000,0.062500,,,,
curve,dTmax,weaken,2C_high_flow,0.01,0.250000,0.750000,0.062500,,,,
curve,dTmax,weaken,2C_high_flow,0.01,0.000000,1.000000,0.104167,,,,
limit,dTmax,weaken,2C_high_flow,0.01,,,,>1.0,,,
curve,signature,strengthen,2C_high_flow,0.01,1.000000,0.000000,0.000000,,,,
curve,signature,strengthen,2C_high_flow,0.01,1.050000,0.050000,0.041667,,,,
curve,signature,strengthen,2C_high_flow,0.01,1.100000,0.100000,0.020833,,,,
curve,signature,strengthen,2C_high_flow,0.01,1.150000,0.150000,0.000000,,,,
curve,signature,strengthen,2C_high_flow,0.01,1.250000,0.250000,0.000000,,,,
curve,signature,strengthen,2C_high_flow,0.01,1.500000,0.500000,0.000000,,,,
curve,signature,strengthen,2C_high_flow,0.01,2.000000,1.000000,0.041667,,,,
limit,signature,strengthen,2C_high_flow,0.01,,,,>1.0 (strengthen),,,
curve,Tmax,strengthen,2C_high_flow,0.01,1.000000,0.000000,0.062500,,,,
curve,Tmax,strengthen,2C_high_flow,0.01,1.050000,0.050000,0.062500,,,,
curve,Tmax,strengthen,2C_high_flow,0.01,1.100000,0.100000,0.062500,,,,
curve,Tmax,strengthen,2C_high_flow,0.01,1.150000,0.150000,0.062500,,,,
curve,Tmax,strengthen,2C_high_flow,0.01,1.250000,0.250000,0.062500,,,,
curve,Tmax,strengthen,2C_high_flow,0.01,1.500000,0.500000,0.062500,,,,
curve,Tmax,strengthen,2C_high_flow,0.01,2.000000,1.000000,0.062500,,,,
limit,Tmax,strengthen,2C_high_flow,0.01,,,,>1.0 (strengthen),,,
curve,dTmax,strengthen,2C_high_flow,0.01,1.000000,0.000000,0.062500,,,,
curve,dTmax,strengthen,2C_high_flow,0.01,1.050000,0.050000,0.062500,,,,
curve,dTmax,strengthen,2C_high_flow,0.01,1.100000,0.100000,0.062500,,,,
curve,dTmax,strengthen,2C_high_flow,0.01,1.150000,0.150000,0.062500,,,,
curve,dTmax,strengthen,2C_high_flow,0.01,1.250000,0.250000,0.062500,,,,
curve,dTmax,strengthen,2C_high_flow,0.01,1.500000,0.500000,0.062500,,,,
curve,dTmax,strengthen,2C_high_flow,0.01,2.000000,1.000000,0.062500,,,,
limit,dTmax,strengthen,2C_high_flow,0.01,,,,>1.0 (strengthen),,,
