type,slice,grid_n,library,n_terms,noise,direction,alpha,delta_alpha,n_ic,n_noise,tpr,tpr_lo,tpr_hi,fpr_measured,fpr_lo,fpr_hi,fpr_target,mean_angle_deg,detection_limit_delta_alpha,limit_lo,limit_hi,limit_censored_fraction,interp_ms,ref_interp_ms,derivative_ms,lstsq_ms,design_matrix_mb,design_rows
nominal,grid,32,base5,5,white,weaken,1.0,0.0,60,5,,,,,,,0.05,,,,,,,,,,,
curve,grid,32,base5,5,white,weaken,0.9,0.1,60,5,0.241500,0.200817,0.287504,0.048833,0.031500,0.069500,0.05,2.8012,,,,,,,,,,
curve,grid,32,base5,5,white,weaken,0.8,0.2,60,5,0.569500,0.529833,0.613004,0.053167,0.035662,0.073167,0.05,4.8759,,,,,,,,,,
curve,grid,32,base5,5,white,weaken,0.7,0.3,60,5,0.823333,0.793663,0.850667,0.046500,0.027663,0.068504,0.05,7.2207,,,,,,,,,,
curve,grid,32,base5,5,white,weaken,0.6,0.4,60,5,0.954500,0.939333,0.968167,0.053167,0.032333,0.076167,0.05,9.7963,,,,,,,,,,
curve,grid,32,base5,5,white,weaken,0.5,0.5,60,5,0.996000,0.993000,0.998500,0.045333,0.024833,0.070342,0.05,12.2707,,,,,,,,,,
limit,grid,32,base5,5,white,weaken,,,60,5,,,,,,,0.05,12.2707,0.4,0.4,0.5,0.0000,,,,,,
nominal,grid,32,base5,5,white,strengthen,1.0,0.0,60,5,,,,,,,0.05,,,,,,,,,,,
curve,grid,32,base5,5,white,strengthen,1.1,0.1,60,5,0.193500,0.150667,0.241337,0.045667,0.026996,0.067175,0.05,2.5605,,,,,,,,,,
curve,grid,32,base5,5,white,strengthen,1.2,0.2,60,5,0.502833,0.448000,0.558167,0.047500,0.027500,0.070167,0.05,4.2877,,,,,,,,,,
curve,grid,32,base5,5,white,strengthen,1.3,0.3,60,5,0.775500,0.738662,0.813167,0.049000,0.029996,0.070833,0.05,6.0295,,,,,,,,,,
curve,grid,32,base5,5,white,strengthen,1.4,0.4,60,5,0.933667,0.915496,0.950333,0.051000,0.032333,0.071837,0.05,7.7682,,,,,,,,,,
curve,grid,32,base5,5,white,strengthen,1.5,0.5,60,5,0.975000,0.965833,0.983167,0.054500,0.035662,0.075837,0.05,9.2170,,,,,,,,,,
limit,grid,32,base5,5,white,strengthen,,,60,5,,,,,,,0.05,9.2170,0.5,0.4,0.5,0.0000,,,,,,
nominal,grid,48,base5,5,white,weaken,1.0,0.0,60,5,,,,,,,0.05,,,,,,,,,,,
curve,grid,48,base5,5,white,weaken,0.9,0.1,60,5,0.261167,0.216333,0.308512,0.057833,0.037829,0.080167,0.05,2.9709,,,,,,,,,,
curve,grid,48,base5,5,white,weaken,0.8,0.2,60,5,0.578833,0.520500,0.638504,0.050667,0.031996,0.070667,0.05,5.6329,,,,,,,,,,
curve,grid,48,base5,5,white,weaken,0.7,0.3,60,5,0.874167,0.838000,0.905012,0.047000,0.029000,0.066504,0.05,8.3061,,,,,,,,,,
curve,grid,48,base5,5,white,weaken,0.6,0.4,60,5,0.979000,0.967000,0.988833,0.045833,0.028333,0.067337,0.05,11.1788,,,,,,,,,,
curve,grid,48,base5,5,white,weaken,0.5,0.5,60,5,0.997333,0.992333,1.000000,0.062000,0.037329,0.088833,0.05,14.2607,,,,,,,,,,
limit,grid,48,base5,5,white,weaken,,,60,5,,,,,,,0.05,14.2607,0.4,0.4,0.4,0.0000,,,,,,
nominal,grid,48,base5,5,white,strengthen,1.0,0.0,60,5,,,,,,,0.05,,,,,,,,,,,
curve,grid,48,base5,5,white,strengthen,1.1,0.1,60,5,0.121833,0.083333,0.165000,0.046500,0.026833,0.068000,0.05,2.9073,,,,,,,,,,
curve,grid,48,base5,5,white,strengthen,1.2,0.2,60,5,0.389833,0.313321,0.466700,0.048500,0.024496,0.075667,0.05,5.4974,,,,,,,,,,
curve,grid,48,base5,5,white,strengthen,1.3,0.3,60,5,0.667167,0.596829,0.732342,0.042500,0.022329,0.067333,0.05,8.2010,,,,,,,,,,
curve,grid,48,base5,5,white,strengthen,1.4,0.4,60,5,0.908333,0.879996,0.932338,0.049667,0.031163,0.070000,0.05,10.8304,,,,,,,,,,
curve,grid,48,base5,5,white,strengthen,1.5,0.5,60,5,0.972833,0.963000,0.981667,0.051000,0.034329,0.070171,0.05,13.1689,,,,,,,,,,
limit,grid,48,base5,5,white,strengthen,,,60,5,,,,,,,0.05,13.1689,0.5,0.5,0.5,0.0000,,,,,,
nominal,grid|library|noise,64,base5,5,white,weaken,1.0,0.0,60,5,,,,,,,0.05,,,,,,,,,,,
curve,grid|library|noise,64,base5,5,white,weaken,0.9,0.1,60,5,0.228667,0.173825,0.280504,0.051333,0.029496,0.075350,0.05,2.4053,,,,,,,,,,
curve,grid|library|noise,64,base5,5,white,weaken,0.8,0.2,60,5,0.581667,0.502492,0.655675,0.051500,0.031000,0.074500,0.05,4.6707,,,,,,,,,,
curve,grid|library|noise,64,base5,5,white,weaken,0.7,0.3,60,5,0.877333,0.840000,0.913004,0.045500,0.027000,0.066833,0.05,7.2669,,,,,,,,,,
curve,grid|library|noise,64,base5,5,white,weaken,0.6,0.4,60,5,0.997333,0.994833,0.999500,0.046500,0.026829,0.068667,0.05,10.1937,,,,,,,,,,
curve,grid|library|noise,64,base5,5,white,weaken,0.5,0.5,60,5,1.000000,1.000000,1.000000,0.051500,0.028996,0.077004,0.05,13.6707,,,,,,,,,,
limit,grid|library|noise,64,base5,5,white,weaken,,,60,5,,,,,,,0.05,13.6707,0.4,0.4,0.4,0.0000,,,,,,
nominal,grid|library|noise,64,base5,5,white,strengthen,1.0,0.0,60,5,,,,,,,0.05,,,,,,,,,,,
curve,grid|library|noise,64,base5,5,white,strengthen,1.1,0.1,60,5,0.215167,0.158833,0.275000,0.052833,0.031833,0.077508,0.05,2.4210,,,,,,,,,,
curve,grid|library|noise,64,base5,5,white,strengthen,1.2,0.2,60,5,0.545833,0.470492,0.619842,0.050667,0.031825,0.072833,0.05,4.6075,,,,,,,,,,
curve,grid|library|noise,64,base5,5,white,strengthen,1.3,0.3,60,5,0.814667,0.769158,0.859171,0.049333,0.030500,0.070837,0.05,7.1782,,,,,,,,,,
curve,grid|library|noise,64,base5,5,white,strengthen,1.4,0.4,60,5,0.968000,0.957500,0.977171,0.050500,0.031496,0.072333,0.05,9.9206,,,,,,,,,,
curve,grid|library|noise,64,base5,5,white,strengthen,1.5,0.5,60,5,0.998333,0.997000,0.999500,0.053833,0.031500,0.080167,0.05,12.9787,,,,,,,,,,
limit,grid|library|noise,64,base5,5,white,strengthen,,,60,5,,,,,,,0.05,12.9787,0.4,0.4,0.4,0.0000,,,,,,
nominal,library,64,second3,3,white,weaken,1.0,0.0,60,5,,,,,,,0.05,,,,,,,,,,,
curve,library,64,second3,3,white,weaken,0.9,0.1,60,5,0.130500,0.075479,0.188171,0.045000,0.026000,0.068017,0.05,2.3621,,,,,,,,,,
curve,library,64,second3,3,white,weaken,0.8,0.2,60,5,0.244667,0.149833,0.348833,0.047500,0.027325,0.070500,0.05,4.5923,,,,,,,,,,
curve,library,64,second3,3,white,weaken,0.7,0.3,60,5,0.267000,0.154496,0.377367,0.047833,0.027833,0.071504,0.05,7.1642,,,,,,,,,,
curve,library,64,second3,3,white,weaken,0.6,0.4,60,5,0.311167,0.214137,0.419842,0.055667,0.031333,0.084333,0.05,10.0645,,,,,,,,,,
curve,library,64,second3,3,white,weaken,0.5,0.5,60,5,0.400500,0.310987,0.490333,0.060000,0.033333,0.090337,0.05,13.4995,,,,,,,,,,
limit,library,64,second3,3,white,weaken,,,60,5,,,,,,,0.05,13.4995,>0.5,>0.5,>0.5,1.0000,,,,,,
nominal,library,64,second3,3,white,strengthen,1.0,0.0,60,5,,,,,,,0.05,,,,,,,,,,,
curve,library,64,second3,3,white,strengthen,1.1,0.1,60,5,0.116333,0.081162,0.156000,0.044667,0.025833,0.068500,0.05,2.3771,,,,,,,,,,
curve,library,64,second3,3,white,strengthen,1.2,0.2,60,5,0.223500,0.192492,0.256333,0.053333,0.032000,0.080671,0.05,4.4951,,,,,,,,,,
curve,library,64,second3,3,white,strengthen,1.3,0.3,60,5,0.329167,0.288829,0.370679,0.047167,0.027996,0.071171,0.05,6.9860,,,,,,,,,,
curve,library,64,second3,3,white,strengthen,1.4,0.4,60,5,0.512333,0.464150,0.560350,0.046833,0.030333,0.065504,0.05,9.6426,,,,,,,,,,
curve,library,64,second3,3,white,strengthen,1.5,0.5,60,5,0.664667,0.620833,0.708837,0.045167,0.029667,0.062833,0.05,12.6319,,,,,,,,,,
limit,library,64,second3,3,white,strengthen,,,60,5,,,,,,,0.05,12.6319,>0.5,>0.5,>0.5,1.0000,,,,,,
nominal,library,64,first_plus_base7,7,white,weaken,1.0,0.0,60,5,,,,,,,0.05,,,,,,,,,,,
curve,library,64,first_plus_base7,7,white,weaken,0.9,0.1,60,5,0.145000,0.093662,0.200671,0.050000,0.028500,0.075167,0.05,1.6681,,,,,,,,,,
curve,library,64,first_plus_base7,7,white,weaken,0.8,0.2,60,5,0.331000,0.254137,0.413012,0.043667,0.023833,0.065667,0.05,3.6394,,,,,,,,,,
curve,library,64,first_plus_base7,7,white,weaken,0.7,0.3,60,5,0.675667,0.615496,0.735012,0.054167,0.029500,0.081675,0.05,7.1803,,,,,,,,,,
curve,library,64,first_plus_base7,7,white,weaken,0.6,0.4,60,5,0.906833,0.879329,0.932338,0.045000,0.022329,0.072842,0.05,13.0873,,,,,,,,,,
curve,library,64,first_plus_base7,7,white,weaken,0.5,0.5,60,5,0.998167,0.996167,0.999667,0.048333,0.024000,0.079675,0.05,21.9107,,,,,,,,,,
limit,library,64,first_plus_base7,7,white,weaken,,,60,5,,,,,,,0.05,21.9107,0.5,0.5,0.5,0.0000,,,,,,
nominal,library,64,first_plus_base7,7,white,strengthen,1.0,0.0,60,5,,,,,,,0.05,,,,,,,,,,,
curve,library,64,first_plus_base7,7,white,strengthen,1.1,0.1,60,5,0.171833,0.131167,0.214171,0.046333,0.028158,0.067337,0.05,1.1458,,,,,,,,,,
curve,library,64,first_plus_base7,7,white,strengthen,1.2,0.2,60,5,0.384167,0.328167,0.441842,0.057500,0.036829,0.081000,0.05,1.9830,,,,,,,,,,
curve,library,64,first_plus_base7,7,white,strengthen,1.3,0.3,60,5,0.574000,0.525483,0.623338,0.053000,0.033163,0.074504,0.05,2.6557,,,,,,,,,,
curve,library,64,first_plus_base7,7,white,strengthen,1.4,0.4,60,5,0.773000,0.728475,0.813837,0.051667,0.031667,0.072833,0.05,3.3911,,,,,,,,,,
curve,library,64,first_plus_base7,7,white,strengthen,1.5,0.5,60,5,0.868833,0.834996,0.899167,0.048000,0.028163,0.071167,0.05,4.0306,,,,,,,,,,
limit,library,64,first_plus_base7,7,white,strengthen,,,60,5,,,,,,,0.05,4.0306,>0.5,>0.5,>0.5,1.0000,,,,,,
nominal,library,64,mixed_plus_base7,7,white,weaken,1.0,0.0,60,5,,,,,,,0.05,,,,,,,,,,,
curve,library,64,mixed_plus_base7,7,white,weaken,0.9,0.1,60,5,0.138500,0.099662,0.182508,0.043167,0.024000,0.064337,0.05,2.4513,,,,,,,,,,
curve,library,64,mixed_plus_base7,7,white,weaken,0.8,0.2,60,5,0.401167,0.329329,0.475337,0.048833,0.030167,0.069504,0.05,4.7545,,,,,,,,,,
curve,library,64,mixed_plus_base7,7,white,weaken,0.7,0.3,60,5,0.618833,0.548662,0.686175,0.053500,0.032496,0.077504,0.05,7.3823,,,,,,,,,,
curve,library,64,mixed_plus_base7,7,white,weaken,0.6,0.4,60,5,0.830000,0.778000,0.876167,0.045833,0.026163,0.067671,0.05,10.3559,,,,,,,,,,
curve,library,64,mixed_plus_base7,7,white,weaken,0.5,0.5,60,5,0.960833,0.944333,0.975500,0.057167,0.034667,0.081837,0.05,13.8905,,,,,,,,,,
limit,library,64,mixed_plus_base7,7,white,weaken,,,60,5,,,,,,,0.05,13.8905,0.5,0.5,>0.5,0.0875,,,,,,
nominal,library,64,mixed_plus_base7,7,white,strengthen,1.0,0.0,60,5,,,,,,,0.05,,,,,,,,,,,
curve,library,64,mixed_plus_base7,7,white,strengthen,1.1,0.1,60,5,0.145667,0.108329,0.188504,0.049833,0.033000,0.068000,0.05,2.4600,,,,,,,,,,
curve,library,64,mixed_plus_base7,7,white,strengthen,1.2,0.2,60,5,0.394000,0.325487,0.464504,0.051167,0.033833,0.071171,0.05,4.7222,,,,,,,,,,
curve,library,64,mixed_plus_base7,7,white,strengthen,1.3,0.3,60,5,0.627667,0.552146,0.697004,0.052667,0.033833,0.072833,0.05,7.3582,,,,,,,,,,
curve,library,64,mixed_plus_base7,7,white,strengthen,1.4,0.4,60,5,0.817333,0.770500,0.861675,0.056000,0.034163,0.080000,0.05,10.1912,,,,,,,,,,
curve,library,64,mixed_plus_base7,7,white,strengthen,1.5,0.5,60,5,0.935667,0.910992,0.958838,0.047000,0.027163,0.069667,0.05,13.3108,,,,,,,,,,
limit,library,64,mixed_plus_base7,7,white,strengthen,,,60,5,,,,,,,0.05,13.3108,>0.5,0.5,>0.5,0.8655,,,,,,
nominal,library,64,full9,9,white,weaken,1.0,0.0,60,5,,,,,,,0.05,,,,,,,,,,,
curve,library,64,full9,9,white,weaken,0.9,0.1,60,5,0.145000,0.097662,0.195683,0.048333,0.022000,0.079008,0.05,1.6563,,,,,,,,,,
curve,library,64,full9,9,white,weaken,0.8,0.2,60,5,0.421000,0.353321,0.494537,0.051000,0.027833,0.078000,0.05,3.6097,,,,,,,,,,
curve,library,64,full9,9,white,weaken,0.7,0.3,60,5,0.643667,0.587825,0.701838,0.047667,0.027167,0.073004,0.05,7.1211,,,,,,,,,,
curve,library,64,full9,9,white,weaken,0.6,0.4,60,5,0.858833,0.819158,0.895337,0.050000,0.029333,0.075667,0.05,12.9881,,,,,,,,,,
curve,library,64,full9,9,white,weaken,0.5,0.5,60,5,0.982000,0.969000,0.993004,0.048500,0.026000,0.072337,0.05,21.7865,,,,,,,,,,
limit,library,64,full9,9,white,weaken,,,60,5,,,,,,,0.05,21.7865,0.5,0.5,0.5,0.0000,,,,,,
nominal,library,64,full9,9,white,strengthen,1.0,0.0,60,5,,,,,,,0.05,,,,,,,,,,,
curve,library,64,full9,9,white,strengthen,1.1,0.1,60,5,0.182000,0.141333,0.225846,0.056667,0.032333,0.086671,0.05,1.1342,,,,,,,,,,
curve,library,64,full9,9,white,strengthen,1.2,0.2,60,5,0.446167,0.382658,0.508671,0.049000,0.028167,0.072175,0.05,1.9573,,,,,,,,,,
curve,library,64,full9,9,white,strengthen,1.3,0.3,60,5,0.743167,0.694333,0.788833,0.053500,0.032333,0.077504,0.05,2.6206,,,,,,,,,,
curve,library,64,full9,9,white,strengthen,1.4,0.4,60,5,0.906000,0.882329,0.928500,0.052667,0.030496,0.077504,0.05,3.3353,,,,,,,,,,
curve,library,64,full9,9,white,strengthen,1.5,0.5,60,5,0.962000,0.947500,0.974667,0.047667,0.026500,0.071167,0.05,3.9565,,,,,,,,,,
limit,library,64,full9,9,white,strengthen,,,60,5,,,,,,,0.05,3.9565,0.5,0.5,>0.5,0.0430,,,,,,
nominal,noise,64,base5,5,lowpass,weaken,1.0,0.0,60,5,,,,,,,0.05,,,,,,,,,,,
curve,noise,64,base5,5,lowpass,weaken,0.9,0.1,60,5,0.099667,0.078662,0.122004,0.059500,0.044167,0.077504,0.05,19.2193,,,,,,,,,,
curve,noise,64,base5,5,lowpass,weaken,0.8,0.2,60,5,0.151000,0.122492,0.183508,0.052667,0.034996,0.073842,0.05,20.6382,,,,,,,,,,
curve,noise,64,base5,5,lowpass,weaken,0.7,0.3,60,5,0.279500,0.234658,0.325667,0.052500,0.034667,0.074671,0.05,20.5275,,,,,,,,,,
curve,noise,64,base5,5,lowpass,weaken,0.6,0.4,60,5,0.522000,0.469329,0.571354,0.057333,0.037329,0.078167,0.05,22.9268,,,,,,,,,,
curve,noise,64,base5,5,lowpass,weaken,0.5,0.5,60,5,0.684500,0.642667,0.733013,0.049333,0.032333,0.069671,0.05,25.6795,,,,,,,,,,
limit,noise,64,base5,5,lowpass,weaken,,,60,5,,,,,,,0.05,25.6795,>0.5,>0.5,>0.5,1.0000,,,,,,
nominal,noise,64,base5,5,lowpass,strengthen,1.0,0.0,60,5,,,,,,,0.05,,,,,,,,,,,
curve,noise,64,base5,5,lowpass,strengthen,1.1,0.1,60,5,0.095833,0.067000,0.125671,0.056667,0.035833,0.078671,0.05,18.2999,,,,,,,,,,
curve,noise,64,base5,5,lowpass,strengthen,1.2,0.2,60,5,0.135333,0.100333,0.172171,0.051000,0.029496,0.076504,0.05,19.9270,,,,,,,,,,
curve,noise,64,base5,5,lowpass,strengthen,1.3,0.3,60,5,0.138833,0.105496,0.174667,0.046167,0.025492,0.070004,0.05,19.6010,,,,,,,,,,
curve,noise,64,base5,5,lowpass,strengthen,1.4,0.4,60,5,0.207833,0.159333,0.253846,0.055833,0.032996,0.079346,0.05,21.9121,,,,,,,,,,
curve,noise,64,base5,5,lowpass,strengthen,1.5,0.5,60,5,0.251833,0.199000,0.306004,0.052500,0.028163,0.080833,0.05,22.8492,,,,,,,,,,
limit,noise,64,base5,5,lowpass,strengthen,,,60,5,,,,,,,0.05,22.8492,>0.5,>0.5,>0.5,1.0000,,,,,,
nominal,noise,64,base5,5,gradient,weaken,1.0,0.0,60,5,,,,,,,0.05,,,,,,,,,,,
curve,noise,64,base5,5,gradient,weaken,0.9,0.1,60,5,0.129667,0.097833,0.163675,0.054667,0.036000,0.075333,0.05,3.6549,,,,,,,,,,
curve,noise,64,base5,5,gradient,weaken,0.8,0.2,60,5,0.174333,0.127987,0.223837,0.045500,0.028996,0.062671,0.05,5.3424,,,,,,,,,,
curve,noise,64,base5,5,gradient,weaken,0.7,0.3,60,5,0.370167,0.314988,0.429667,0.046833,0.030000,0.067167,0.05,7.8327,,,,,,,,,,
curve,noise,64,base5,5,gradient,weaken,0.6,0.4,60,5,0.504833,0.447496,0.562175,0.049333,0.031996,0.070333,0.05,10.5424,,,,,,,,,,
curve,noise,64,base5,5,gradient,weaken,0.5,0.5,60,5,0.625167,0.563663,0.685346,0.045833,0.028167,0.065671,0.05,13.9068,,,,,,,,,,
limit,noise,64,base5,5,gradient,weaken,,,60,5,,,,,,,0.05,13.9068,>0.5,>0.5,>0.5,1.0000,,,,,,
nominal,noise,64,base5,5,gradient,strengthen,1.0,0.0,60,5,,,,,,,0.05,,,,,,,,,,,
curve,noise,64,base5,5,gradient,strengthen,1.1,0.1,60,5,0.070833,0.051329,0.090833,0.057667,0.040000,0.078500,0.05,3.6616,,,,,,,,,,
curve,noise,64,base5,5,gradient,strengthen,1.2,0.2,60,5,0.177833,0.138667,0.220837,0.049000,0.032500,0.067004,0.05,5.1201,,,,,,,,,,
curve,noise,64,base5,5,gradient,strengthen,1.3,0.3,60,5,0.263500,0.214996,0.314000,0.046167,0.029000,0.065000,0.05,7.4258,,,,,,,,,,
curve,noise,64,base5,5,gradient,strengthen,1.4,0.4,60,5,0.398833,0.340496,0.460167,0.059667,0.040833,0.081837,0.05,10.0108,,,,,,,,,,
curve,noise,64,base5,5,gradient,strengthen,1.5,0.5,60,5,0.504167,0.442167,0.566504,0.045167,0.028833,0.063667,0.05,12.9645,,,,,,,,,,
limit,noise,64,base5,5,gradient,strengthen,,,60,5,,,,,,,0.05,12.9645,>0.5,>0.5,>0.5,1.0000,,,,,,
nominal,noise,64,base5,5,multiplicative,weaken,1.0,0.0,60,5,,,,,,,0.05,,,,,,,,,,,
curve,noise,64,base5,5,multiplicative,weaken,0.9,0.1,60,5,0.085167,0.062163,0.109667,0.053667,0.035000,0.075337,0.05,3.3681,,,,,,,,,,
curve,noise,64,base5,5,multiplicative,weaken,0.8,0.2,60,5,0.193833,0.152154,0.236004,0.054667,0.034167,0.079837,0.05,5.0953,,,,,,,,,,
curve,noise,64,base5,5,multiplicative,weaken,0.7,0.3,60,5,0.268833,0.215000,0.324833,0.046000,0.026492,0.067671,0.05,7.2172,,,,,,,,,,
curve,noise,64,base5,5,multiplicative,weaken,0.6,0.4,60,5,0.476833,0.416996,0.539171,0.053500,0.034333,0.075842,0.05,10.2804,,,,,,,,,,
curve,noise,64,base5,5,multiplicative,weaken,0.5,0.5,60,5,0.604667,0.548496,0.658842,0.052667,0.034329,0.073500,0.05,13.8615,,,,,,,,,,
limit,noise,64,base5,5,multiplicative,weaken,,,60,5,,,,,,,0.05,13.8615,>0.5,>0.5,>0.5,1.0000,,,,,,
nominal,noise,64,base5,5,multiplicative,strengthen,1.0,0.0,60,5,,,,,,,0.05,,,,,,,,,,,
curve,noise,64,base5,5,multiplicative,strengthen,1.1,0.1,60,5,0.093000,0.070662,0.118837,0.047333,0.029500,0.067333,0.05,3.6151,,,,,,,,,,
curve,noise,64,base5,5,multiplicative,strengthen,1.2,0.2,60,5,0.201167,0.160333,0.242504,0.050500,0.032667,0.071833,0.05,5.4895,,,,,,,,,,
curve,noise,64,base5,5,multiplicative,strengthen,1.3,0.3,60,5,0.312667,0.257663,0.370667,0.051500,0.032154,0.073837,0.05,7.8551,,,,,,,,,,
curve,noise,64,base5,5,multiplicative,strengthen,1.4,0.4,60,5,0.497000,0.439163,0.552504,0.051000,0.033500,0.068504,0.05,10.5595,,,,,,,,,,
curve,noise,64,base5,5,multiplicative,strengthen,1.5,0.5,60,5,0.638333,0.583996,0.688167,0.047167,0.031167,0.064167,0.05,13.6085,,,,,,,,,,
limit,noise,64,base5,5,multiplicative,strengthen,,,60,5,,,,,,,0.05,13.6085,>0.5,>0.5,>0.5,1.0000,,,,,,
nominal,grid,96,base5,5,white,weaken,1.0,0.0,60,5,,,,,,,0.05,,,,,,,,,,,
curve,grid,96,base5,5,white,weaken,0.9,0.1,60,5,0.198667,0.144333,0.256337,0.050167,0.030496,0.071333,0.05,2.0392,,,,,,,,,,
curve,grid,96,base5,5,white,weaken,0.8,0.2,60,5,0.474833,0.405154,0.541000,0.051000,0.031496,0.074500,0.05,4.2624,,,,,,,,,,
curve,grid,96,base5,5,white,weaken,0.7,0.3,60,5,0.707667,0.652000,0.764167,0.050167,0.028667,0.076008,0.05,6.9398,,,,,,,,,,
curve,grid,96,base5,5,white,weaken,0.6,0.4,60,5,0.876500,0.841492,0.910675,0.045167,0.024667,0.067500,0.05,10.3801,,,,,,,,,,
curve,grid,96,base5,5,white,weaken,0.5,0.5,60,5,0.968667,0.953496,0.980500,0.051667,0.029167,0.077167,0.05,14.4653,,,,,,,,,,
limit,grid,96,base5,5,white,weaken,,,60,5,,,,,,,0.05,14.4653,0.5,0.5,0.5,0.0085,,,,,,
nominal,grid,96,base5,5,white,strengthen,1.0,0.0,60,5,,,,,,,0.05,,,,,,,,,,,
curve,grid,96,base5,5,white,strengthen,1.1,0.1,60,5,0.162167,0.128662,0.195846,0.055000,0.034163,0.078000,0.05,1.9668,,,,,,,,,,
curve,grid,96,base5,5,white,strengthen,1.2,0.2,60,5,0.389667,0.342992,0.433671,0.051333,0.032163,0.071671,0.05,3.6255,,,,,,,,,,
curve,grid,96,base5,5,white,strengthen,1.3,0.3,60,5,0.636833,0.587667,0.686171,0.049000,0.030333,0.069167,0.05,5.3125,,,,,,,,,,
curve,grid,96,base5,5,white,strengthen,1.4,0.4,60,5,0.790000,0.756492,0.822667,0.052667,0.033667,0.075004,0.05,7.1777,,,,,,,,,,
curve,grid,96,base5,5,white,strengthen,1.5,0.5,60,5,0.867500,0.849833,0.886667,0.056667,0.036500,0.079000,0.05,9.1900,,,,,,,,,,
limit,grid,96,base5,5,white,strengthen,,,60,5,,,,,,,0.05,9.1900,>0.5,>0.5,>0.5,1.0000,,,,,,
cost_grid,,32,,,,,,,,,,,,,,,,,,,,,3.0573,29.5049,0.0888,,,784
cost_library,,32,base5,5,,,,,,,,,,,,,,,,,,,,,,0.0350,0.0314,784
cost_grid,,48,,,,,,,,,,,,,,,,,,,,,3.1127,28.6466,0.1040,,,1936
cost_library,,48,base5,5,,,,,,,,,,,,,,,,,,,,,,0.0618,0.0774,1936
cost_grid,,64,,,,,,,,,,,,,,,,,,,,,3.1939,28.7634,0.1281,,,3600
cost_library,,64,base5,5,,,,,,,,,,,,,,,,,,,,,,0.1082,0.1440,3600
cost_library,,64,first_plus_base7,7,,,,,,,,,,,,,,,,,,,,,,0.1514,0.2016,3600
cost_library,,64,full9,9,,,,,,,,,,,,,,,,,,,,,,0.2078,0.2592,3600
cost_library,,64,mixed_plus_base7,7,,,,,,,,,,,,,,,,,,,,,,0.1508,0.2016,3600
cost_library,,64,second3,3,,,,,,,,,,,,,,,,,,,,,,0.0624,0.0864,3600
cost_grid,,96,,,,,,,,,,,,,,,,,,,,,3.4048,29.0460,0.1891,,,8464
cost_library,,96,base5,5,,,,,,,,,,,,,,,,,,,,,,0.2253,0.3386,8464
