type,mesh_id,solver_nx,solver_ny,solver_seed,solver_nodes,solver_elements,observation_grid_n,reference_nx,reference_ny,reference_seed,direction,alpha,delta_alpha,n_ic,noise_model,sigma,library,n_terms,tpr,tpr_lo,tpr_hi,fpr_measured,fpr_lo,fpr_hi,fpr_target,detection_limit_delta_alpha,limit_lo,limit_hi,limit_censored_fraction,anchor_limit_delta_alpha,limit_shift_from_anchor,degradation_delta_alpha,mesh_status,go_cell,protocol_hash
nominal,coarse_45x15,45,15,9015,736,1350,64,180,60,7001,weaken,1.0,0.0,60,white,0.01,base5,5,,,,,,,0.05,,,,,,,,,,768a398be9238049eceb4b08461b627e78ccd5af59ef3d08572e43ef4190582a
curve,coarse_45x15,45,15,9015,736,1350,64,180,60,7001,weaken,0.9,0.1,60,white,0.01,base5,5,0.225000,0.165000,0.287500,0.057500,0.020813,0.103333,0.05,,,,,,,,,,768a398be9238049eceb4b08461b627e78ccd5af59ef3d08572e43ef4190582a
curve,coarse_45x15,45,15,9015,736,1350,64,180,60,7001,weaken,0.8,0.2,60,white,0.01,base5,5,0.595000,0.520813,0.673333,0.057500,0.018333,0.106708,0.05,,,,,,,,,,768a398be9238049eceb4b08461b627e78ccd5af59ef3d08572e43ef4190582a
curve,coarse_45x15,45,15,9015,736,1350,64,180,60,7001,weaken,0.7,0.3,60,white,0.01,base5,5,0.835000,0.781667,0.883333,0.051667,0.018333,0.094167,0.05,,,,,,,,,,768a398be9238049eceb4b08461b627e78ccd5af59ef3d08572e43ef4190582a
curve,coarse_45x15,45,15,9015,736,1350,64,180,60,7001,weaken,0.6,0.4,60,white,0.01,base5,5,0.980833,0.965833,0.992500,0.050000,0.012500,0.100833,0.05,,,,,,,,,,768a398be9238049eceb4b08461b627e78ccd5af59ef3d08572e43ef4190582a
curve,coarse_45x15,45,15,9015,736,1350,64,180,60,7001,weaken,0.5,0.5,60,white,0.01,base5,5,0.999167,0.997500,1.000000,0.050833,0.014167,0.095833,0.05,,,,,,,,,,768a398be9238049eceb4b08461b627e78ccd5af59ef3d08572e43ef4190582a
limit,coarse_45x15,45,15,9015,736,1350,64,180,60,7001,weaken,,,60,white,0.01,base5,5,,,,,,,0.05,0.4,0.4,0.4,0.0000,0.4,0.0,0.0,preserved,1,768a398be9238049eceb4b08461b627e78ccd5af59ef3d08572e43ef4190582a
nominal,coarse_45x15,45,15,9015,736,1350,64,180,60,7001,strengthen,1.0,0.0,60,white,0.01,base5,5,,,,,,,0.05,,,,,,,,,,768a398be9238049eceb4b08461b627e78ccd5af59ef3d08572e43ef4190582a
curve,coarse_45x15,45,15,9015,736,1350,64,180,60,7001,strengthen,1.1,0.1,60,white,0.01,base5,5,0.281667,0.184979,0.382521,0.056667,0.019979,0.100021,0.05,,,,,,,,,,768a398be9238049eceb4b08461b627e78ccd5af59ef3d08572e43ef4190582a
curve,coarse_45x15,45,15,9015,736,1350,64,180,60,7001,strengthen,1.2,0.2,60,white,0.01,base5,5,0.764167,0.684167,0.845854,0.045000,0.013333,0.088333,0.05,,,,,,,,,,768a398be9238049eceb4b08461b627e78ccd5af59ef3d08572e43ef4190582a
curve,coarse_45x15,45,15,9015,736,1350,64,180,60,7001,strengthen,1.3,0.3,60,white,0.01,base5,5,0.950000,0.921646,0.975000,0.052500,0.016667,0.100833,0.05,,,,,,,,,,768a398be9238049eceb4b08461b627e78ccd5af59ef3d08572e43ef4190582a
curve,coarse_45x15,45,15,9015,736,1350,64,180,60,7001,strengthen,1.4,0.4,60,white,0.01,base5,5,0.988333,0.973333,0.998333,0.047500,0.014979,0.090000,0.05,,,,,,,,,,768a398be9238049eceb4b08461b627e78ccd5af59ef3d08572e43ef4190582a
curve,coarse_45x15,45,15,9015,736,1350,64,180,60,7001,strengthen,1.5,0.5,60,white,0.01,base5,5,0.999167,0.997500,1.000000,0.052500,0.019146,0.094167,0.05,,,,,,,,,,768a398be9238049eceb4b08461b627e78ccd5af59ef3d08572e43ef4190582a
limit,coarse_45x15,45,15,9015,736,1350,64,180,60,7001,strengthen,,,60,white,0.01,base5,5,,,,,,,0.05,0.3,0.3,0.4,0.0000,0.4,-0.1,0.0,improved,1,768a398be9238049eceb4b08461b627e78ccd5af59ef3d08572e43ef4190582a
nominal,anchor_60x20,60,20,2026,1281,2400,64,180,60,7001,weaken,1.0,0.0,60,white,0.01,base5,5,,,,,,,0.05,,,,,,,,,,768a398be9238049eceb4b08461b627e78ccd5af59ef3d08572e43ef4190582a
curve,anchor_60x20,60,20,2026,1281,2400,64,180,60,7001,weaken,0.9,0.1,60,white,0.01,base5,5,0.101667,0.061667,0.148333,0.047500,0.011667,0.094187,0.05,,,,,,,,,,768a398be9238049eceb4b08461b627e78ccd5af59ef3d08572e43ef4190582a
curve,anchor_60x20,60,20,2026,1281,2400,64,180,60,7001,weaken,0.8,0.2,60,white,0.01,base5,5,0.445833,0.365833,0.522500,0.058333,0.017500,0.107521,0.05,,,,,,,,,,768a398be9238049eceb4b08461b627e78ccd5af59ef3d08572e43ef4190582a
curve,anchor_60x20,60,20,2026,1281,2400,64,180,60,7001,weaken,0.7,0.3,60,white,0.01,base5,5,0.776667,0.702500,0.847500,0.045000,0.010000,0.089167,0.05,,,,,,,,,,768a398be9238049eceb4b08461b627e78ccd5af59ef3d08572e43ef4190582a
curve,anchor_60x20,60,20,2026,1281,2400,64,180,60,7001,weaken,0.6,0.4,60,white,0.01,base5,5,0.963333,0.933333,0.988333,0.048333,0.014167,0.092500,0.05,,,,,,,,,,768a398be9238049eceb4b08461b627e78ccd5af59ef3d08572e43ef4190582a
curve,anchor_60x20,60,20,2026,1281,2400,64,180,60,7001,weaken,0.5,0.5,60,white,0.01,base5,5,1.000000,1.000000,1.000000,0.050000,0.017479,0.091667,0.05,,,,,,,,,,768a398be9238049eceb4b08461b627e78ccd5af59ef3d08572e43ef4190582a
limit,anchor_60x20,60,20,2026,1281,2400,64,180,60,7001,weaken,,,60,white,0.01,base5,5,,,,,,,0.05,0.4,0.4,0.5,0.0000,0.4,0.0,0.0,anchor,1,768a398be9238049eceb4b08461b627e78ccd5af59ef3d08572e43ef4190582a
nominal,anchor_60x20,60,20,2026,1281,2400,64,180,60,7001,strengthen,1.0,0.0,60,white,0.01,base5,5,,,,,,,0.05,,,,,,,,,,768a398be9238049eceb4b08461b627e78ccd5af59ef3d08572e43ef4190582a
curve,anchor_60x20,60,20,2026,1281,2400,64,180,60,7001,strengthen,1.1,0.1,60,white,0.01,base5,5,0.222500,0.149167,0.306667,0.049167,0.020000,0.086667,0.05,,,,,,,,,,768a398be9238049eceb4b08461b627e78ccd5af59ef3d08572e43ef4190582a
curve,anchor_60x20,60,20,2026,1281,2400,64,180,60,7001,strengthen,1.2,0.2,60,white,0.01,base5,5,0.582500,0.484146,0.676667,0.046667,0.017500,0.081667,0.05,,,,,,,,,,768a398be9238049eceb4b08461b627e78ccd5af59ef3d08572e43ef4190582a
curve,anchor_60x20,60,20,2026,1281,2400,64,180,60,7001,strengthen,1.3,0.3,60,white,0.01,base5,5,0.835000,0.776646,0.889167,0.050000,0.023333,0.081667,0.05,,,,,,,,,,768a398be9238049eceb4b08461b627e78ccd5af59ef3d08572e43ef4190582a
curve,anchor_60x20,60,20,2026,1281,2400,64,180,60,7001,strengthen,1.4,0.4,60,white,0.01,base5,5,0.976667,0.960833,0.990000,0.055000,0.022500,0.096687,0.05,,,,,,,,,,768a398be9238049eceb4b08461b627e78ccd5af59ef3d08572e43ef4190582a
curve,anchor_60x20,60,20,2026,1281,2400,64,180,60,7001,strengthen,1.5,0.5,60,white,0.01,base5,5,0.991667,0.985833,0.996667,0.045833,0.014167,0.087500,0.05,,,,,,,,,,768a398be9238049eceb4b08461b627e78ccd5af59ef3d08572e43ef4190582a
limit,anchor_60x20,60,20,2026,1281,2400,64,180,60,7001,strengthen,,,60,white,0.01,base5,5,,,,,,,0.05,0.4,0.4,0.4,0.0000,0.4,0.0,0.0,anchor,1,768a398be9238049eceb4b08461b627e78ccd5af59ef3d08572e43ef4190582a
nominal,refined_90x30,90,30,9030,2821,5400,64,180,60,7001,weaken,1.0,0.0,60,white,0.01,base5,5,,,,,,,0.05,,,,,,,,,,768a398be9238049eceb4b08461b627e78ccd5af59ef3d08572e43ef4190582a
curve,refined_90x30,90,30,9030,2821,5400,64,180,60,7001,weaken,0.9,0.1,60,white,0.01,base5,5,0.111667,0.057500,0.172521,0.050833,0.016667,0.091667,0.05,,,,,,,,,,768a398be9238049eceb4b08461b627e78ccd5af59ef3d08572e43ef4190582a
curve,refined_90x30,90,30,9030,2821,5400,64,180,60,7001,weaken,0.8,0.2,60,white,0.01,base5,5,0.365000,0.264167,0.470000,0.052500,0.015000,0.099167,0.05,,,,,,,,,,768a398be9238049eceb4b08461b627e78ccd5af59ef3d08572e43ef4190582a
curve,refined_90x30,90,30,9030,2821,5400,64,180,60,7001,weaken,0.7,0.3,60,white,0.01,base5,5,0.743333,0.650000,0.832500,0.055000,0.017500,0.104167,0.05,,,,,,,,,,768a398be9238049eceb4b08461b627e78ccd5af59ef3d08572e43ef4190582a
curve,refined_90x30,90,30,9030,2821,5400,64,180,60,7001,weaken,0.6,0.4,60,white,0.01,base5,5,0.976667,0.941667,0.996667,0.062500,0.022500,0.112500,0.05,,,,,,,,,,768a398be9238049eceb4b08461b627e78ccd5af59ef3d08572e43ef4190582a
curve,refined_90x30,90,30,9030,2821,5400,64,180,60,7001,weaken,0.5,0.5,60,white,0.01,base5,5,0.996667,0.992479,1.000000,0.062500,0.021667,0.115021,0.05,,,,,,,,,,768a398be9238049eceb4b08461b627e78ccd5af59ef3d08572e43ef4190582a
limit,refined_90x30,90,30,9030,2821,5400,64,180,60,7001,weaken,,,60,white,0.01,base5,5,,,,,,,0.05,0.4,0.4,0.5,0.0000,0.4,0.0,0.0,preserved,1,768a398be9238049eceb4b08461b627e78ccd5af59ef3d08572e43ef4190582a
nominal,refined_90x30,90,30,9030,2821,5400,64,180,60,7001,strengthen,1.0,0.0,60,white,0.01,base5,5,,,,,,,0.05,,,,,,,,,,768a398be9238049eceb4b08461b627e78ccd5af59ef3d08572e43ef4190582a
curve,refined_90x30,90,30,9030,2821,5400,64,180,60,7001,strengthen,1.1,0.1,60,white,0.01,base5,5,0.344167,0.249167,0.445000,0.045833,0.021667,0.074187,0.05,,,,,,,,,,768a398be9238049eceb4b08461b627e78ccd5af59ef3d08572e43ef4190582a
curve,refined_90x30,90,30,9030,2821,5400,64,180,60,7001,strengthen,1.2,0.2,60,white,0.01,base5,5,0.621667,0.526667,0.705854,0.064167,0.024146,0.114167,0.05,,,,,,,,,,768a398be9238049eceb4b08461b627e78ccd5af59ef3d08572e43ef4190582a
curve,refined_90x30,90,30,9030,2821,5400,64,180,60,7001,strengthen,1.3,0.3,60,white,0.01,base5,5,0.793333,0.715000,0.868333,0.042500,0.010833,0.085021,0.05,,,,,,,,,,768a398be9238049eceb4b08461b627e78ccd5af59ef3d08572e43ef4190582a
curve,refined_90x30,90,30,9030,2821,5400,64,180,60,7001,strengthen,1.4,0.4,60,white,0.01,base5,5,0.945833,0.890000,0.985021,0.059167,0.025833,0.098354,0.05,,,,,,,,,,768a398be9238049eceb4b08461b627e78ccd5af59ef3d08572e43ef4190582a
curve,refined_90x30,90,30,9030,2821,5400,64,180,60,7001,strengthen,1.5,0.5,60,white,0.01,base5,5,0.994167,0.984167,1.000000,0.058333,0.019146,0.107500,0.05,,,,,,,,,,768a398be9238049eceb4b08461b627e78ccd5af59ef3d08572e43ef4190582a
limit,refined_90x30,90,30,9030,2821,5400,64,180,60,7001,strengthen,,,60,white,0.01,base5,5,,,,,,,0.05,0.5,0.4,0.5,0.0000,0.4,0.1,0.1,preserved,1,768a398be9238049eceb4b08461b627e78ccd5af59ef3d08572e43ef4190582a
